"annotation_batch","prompt_version","ad_id","screenshot_path","content_labels","risk_domain_hint","negative_perception_score","positive_perception_score","clickbait","deceptive","manipulative","distasteful","unclear","mean_rating","num_ratings","num_comments","ocr_text","cluster_id","screenshot","screenshot_exists"
"full_dataset","v2.3","1461270","data/chi-bad-ads-data-main/screenshots/1461270.webp","Consumer Tech;Sponsored Content","","0.833333333","0.833333333","0.333333333","0.25","0","0","0.083333333","3.833333333","12","1","","L","1461270.webp","TRUE"
"full_dataset","v2.3","1461275","data/chi-bad-ads-data-main/screenshots/1461275.webp","Advertorial;Insurance;Native","finance","2.25","0.583333333","0.583333333","0.416666667","0.166666667","0","0.333333333","3","12","0","","Q","1461275.webp","TRUE"
"full_dataset","v2.3","1461279","data/chi-bad-ads-data-main/screenshots/1461279.webp","Beauty Products;Native","health","0.4","0.9","0","0.2","0","0.1","0","4.3","10","2","","I","1461279.webp","TRUE"
"full_dataset","v2.3","1461319","data/chi-bad-ads-data-main/screenshots/1461319.webp","Image;Journalism;Self-Link","","0.2","2","0","0","0","0","0.1","4.7","10","0","","D","1461319.webp","TRUE"
"full_dataset","v2.3","1461346","data/chi-bad-ads-data-main/screenshots/1461346.webp","Google Responsive;Software Download","","1.1","1.1","0.2","0.2","0.2","0","0","3.7","10","2","","L","1461346.webp","TRUE"
"full_dataset","v2.3","1461378","data/chi-bad-ads-data-main/screenshots/1461378.webp","Image;Journalism;Self-Link","","0.5","1.9","0.1","0","0","0","0.1","4.8","10","0","","D","1461378.webp","TRUE"
"full_dataset","v2.3","1461427","data/chi-bad-ads-data-main/screenshots/1461427.webp","COVID Products;Google Responsive","","0.6","1.6","0.1","0.1","0","0","0","4.3","10","1","","D","1461427.webp","TRUE"
"full_dataset","v2.3","1461473","data/chi-bad-ads-data-main/screenshots/1461473.webp","Household Products;Image","","0.1","1.5","0.1","0","0","0","0","4.6","10","1","","D","1461473.webp","TRUE"
"full_dataset","v2.3","1461482","data/chi-bad-ads-data-main/screenshots/1461482.webp","B2B Products;Sponsored Content","","0.3","2","0","0","0","0","0.1","4.8","10","0","","A","1461482.webp","TRUE"
"full_dataset","v2.3","1461495","data/chi-bad-ads-data-main/screenshots/1461495.webp","Image;Journalism;Self-Link","","0.3","1.7","0","0.1","0","0","0.2","4.5","10","0","","I","1461495.webp","TRUE"
"full_dataset","v2.3","1461505","data/chi-bad-ads-data-main/screenshots/1461505.webp","Investment Pitch;Sponsored Content","finance","0.272727273","2.636363636","0.090909091","0.090909091","0","0","0","5.090909091","11","2","","C","1461505.webp","TRUE"
"full_dataset","v2.3","1461512","data/chi-bad-ads-data-main/screenshots/1461512.webp","Consumer Tech;Google Responsive;Listicle","","1.4","2.1","0.3","0.3","0.2","0","0.3","3.9","10","3","","G","1461512.webp","TRUE"
"full_dataset","v2.3","1461515","data/chi-bad-ads-data-main/screenshots/1461515.webp","B2B Products;Image","","0.9","1","0","0.1","0","0","0.2","3.7","10","0","","I","1461515.webp","TRUE"
"full_dataset","v2.3","1461542","data/chi-bad-ads-data-main/screenshots/1461542.webp","Apparel;Image","","0.7","0.9","0","0.2","0","0","0.1","4.3","10","2","","I","1461542.webp","TRUE"
"full_dataset","v2.3","1461550","data/chi-bad-ads-data-main/screenshots/1461550.webp","Apparel;Image","","0.6","1.3","0","0.1","0","0.1","0.1","4.3","10","1","","I","1461550.webp","TRUE"
"full_dataset","v2.3","1461573","data/chi-bad-ads-data-main/screenshots/1461573.webp","Computer Security-related;Google Responsive;Sponsored Search","","0.8","0.6","0.1","0.1","0.1","0.1","0.1","3.5","10","0","","I","1461573.webp","TRUE"
"full_dataset","v2.3","1461654","data/chi-bad-ads-data-main/screenshots/1461654.webp","Advertorial;Investment Pitch;Native;Political Content","finance","1.727272727","0.363636364","0.636363636","0.545454545","0.363636364","0","0","2.818181818","11","0","","Q","1461654.webp","TRUE"
"full_dataset","v2.3","1461709","data/chi-bad-ads-data-main/screenshots/1461709.webp","B2B Products;Computer Security-related;Image","","1.4","0.7","0.4","0.2","0.5","0","0.1","3.1","10","1","","R","1461709.webp","TRUE"
"full_dataset","v2.3","1461765","data/chi-bad-ads-data-main/screenshots/1461765.webp","B2B Products;Google Responsive","","1","0.5","0.2","0","0","0","0.3","3.1","10","4","","P","1461765.webp","TRUE"
"full_dataset","v2.3","1461781","data/chi-bad-ads-data-main/screenshots/1461781.webp","B2B Products;Sponsored Content","","0.7","2.2","0.2","0","0","0","0.1","4.6","10","2","","C","1461781.webp","TRUE"
"full_dataset","v2.3","1461795","data/chi-bad-ads-data-main/screenshots/1461795.webp","Beauty Products;Image","health","0.8","1","0.1","0.3","0","0","0.1","3.8","10","1","","I","1461795.webp","TRUE"
"full_dataset","v2.3","1461798","data/chi-bad-ads-data-main/screenshots/1461798.webp","B2B Products;Google Responsive","","1.4","0.4","0.2","0.4","0.2","0","0.3","2.4","10","3","","L","1461798.webp","TRUE"
"full_dataset","v2.3","1461810","data/chi-bad-ads-data-main/screenshots/1461810.webp","B2B Products;Google Responsive","","0.3","1","0.1","0.1","0","0","0","4.3","10","3","","I","1461810.webp","TRUE"
"full_dataset","v2.3","1461828","data/chi-bad-ads-data-main/screenshots/1461828.webp","Entertainment;Image","","0.4","0.8","0.1","0.1","0.1","0","0","3.8","10","1","","I","1461828.webp","TRUE"
"full_dataset","v2.3","1461830","data/chi-bad-ads-data-main/screenshots/1461830.webp","B2B Products;Image","","0.6","0.8","0.1","0","0.1","0","0","3.6","10","1","","I","1461830.webp","TRUE"
"full_dataset","v2.3","1461989","data/chi-bad-ads-data-main/screenshots/1461989.webp","Image;Insurance","finance","1.6","0.7","0.4","0.2","0.3","0","0.3","2.8","10","1","","L","1461989.webp","TRUE"
"full_dataset","v2.3","1461990","data/chi-bad-ads-data-main/screenshots/1461990.webp","Image;Journalism;Self-Link","","0.9","0.9","0.1","0.1","0","0","0.4","3.9","10","1","","I","1461990.webp","TRUE"
"full_dataset","v2.3","1462090","data/chi-bad-ads-data-main/screenshots/1462090.webp","Education;Image","","1","1.1","0.5","0.2","0.2","0","0","3.3","10","4","","N","1462090.webp","TRUE"
"full_dataset","v2.3","1462091","data/chi-bad-ads-data-main/screenshots/1462091.webp","Beauty Products;Image;Public Relations","health","0.181818182","1.909090909","0","0","0","0","0.090909091","4.909090909","11","3","","A","1462091.webp","TRUE"
"full_dataset","v2.3","1462110","data/chi-bad-ads-data-main/screenshots/1462110.webp","Entertainment;Image","","0.2","1.8","0.1","0","0","0","0","4.3","10","1","","D","1462110.webp","TRUE"
"full_dataset","v2.3","1462117","data/chi-bad-ads-data-main/screenshots/1462117.webp","Consumer Tech;Image;Self-Link","","0.2","2.9","0","0","0","0","0.1","5.5","10","1","","A","1462117.webp","TRUE"
"full_dataset","v2.3","1462162","data/chi-bad-ads-data-main/screenshots/1462162.webp","Cell Service;Image","","0.727272727","1.272727273","0.272727273","0.090909091","0.272727273","0","0","3.909090909","11","1","","G","1462162.webp","TRUE"
"full_dataset","v2.3","1462354","data/chi-bad-ads-data-main/screenshots/1462354.webp","Apparel;Native","","0.5","1.5","0.1","0.2","0","0","0","4","10","2","","G","1462354.webp","TRUE"
"full_dataset","v2.3","1462372","data/chi-bad-ads-data-main/screenshots/1462372.webp","Games and Toys;Native","","1.1","0.4","0.4","0.2","0.2","0","0","2.7","10","1","","R","1462372.webp","TRUE"
"full_dataset","v2.3","1462385","data/chi-bad-ads-data-main/screenshots/1462385.webp","Health and Supplements;Native","health","2.181818182","0.909090909","0.727272727","0.545454545","0.363636364","0.090909091","0.181818182","2.454545455","11","2","","R","1462385.webp","TRUE"
"full_dataset","v2.3","1462434","data/chi-bad-ads-data-main/screenshots/1462434.webp","B2B Products;Image","","1.5","1","0.2","0.3","0.1","0","0.6","3.1","10","2","","I","1462434.webp","TRUE"
"full_dataset","v2.3","1462442","data/chi-bad-ads-data-main/screenshots/1462442.webp","B2B Products;Image","","1.6","0.6","0.3","0.3","0","0","0.5","3.3","10","1","","L","1462442.webp","TRUE"
"full_dataset","v2.3","1462506","data/chi-bad-ads-data-main/screenshots/1462506.webp","Image;Medical Services and Prescriptions","health","0.9","1.4","0.1","0.2","0.1","0","0.1","3.5","10","0","","L","1462506.webp","TRUE"
"full_dataset","v2.3","1462524","data/chi-bad-ads-data-main/screenshots/1462524.webp","Advertorial;Google Responsive;Health and Supplements","health","2.4","0.2","0.7","0.5","0.2","0.3","0.3","2.5","10","1","","U","1462524.webp","TRUE"
"full_dataset","v2.3","1462538","data/chi-bad-ads-data-main/screenshots/1462538.webp","Medical Services and Prescriptions;Native;Sponsored Search","health","0.2","1.3","0","0","0","0.2","0","4.8","10","2","","F","1462538.webp","TRUE"
"full_dataset","v2.3","1462549","data/chi-bad-ads-data-main/screenshots/1462549.webp","Advertorial;Health and Supplements;Native","health","2.1","0.3","0.8","0.5","0.2","0","0.2","2.5","10","1","","U","1462549.webp","TRUE"
"full_dataset","v2.3","1462571","data/chi-bad-ads-data-main/screenshots/1462571.webp","Advertorial;Google Responsive;Household Products","","1.5","0.7","0.5","0.3","0","0.3","0","3.3","10","2","","R","1462571.webp","TRUE"
"full_dataset","v2.3","1462575","data/chi-bad-ads-data-main/screenshots/1462575.webp","Investment Pitch;Native","finance","3.2","0.1","1","0.6","0.6","0","0.3","2.1","10","0","","U","1462575.webp","TRUE"
"full_dataset","v2.3","1462660","data/chi-bad-ads-data-main/screenshots/1462660.webp","Household Products;Image","","0","2.8","0","0","0","0","0","4.7","10","1","","D","1462660.webp","TRUE"
"full_dataset","v2.3","1462723","data/chi-bad-ads-data-main/screenshots/1462723.webp","B2B Products;Google Responsive","","0.2","1.1","0","0","0","0","0.1","3.6","10","2","","I","1462723.webp","TRUE"
"full_dataset","v2.3","1462728","data/chi-bad-ads-data-main/screenshots/1462728.webp","Entertainment;Image","","0.454545455","1.090909091","0","0","0","0.090909091","0.181818182","3.818181818","11","0","","I","1462728.webp","TRUE"
"full_dataset","v2.3","1462747","data/chi-bad-ads-data-main/screenshots/1462747.webp","Games and Toys;Native","","1.4","0.7","0.6","0.4","0.1","0","0.2","3.1","10","2","","R","1462747.webp","TRUE"
"full_dataset","v2.3","1462772","data/chi-bad-ads-data-main/screenshots/1462772.webp","COVID Products;Image","","0.1","1.8","0","0.1","0","0","0","4.9","10","2","","D","1462772.webp","TRUE"
"full_dataset","v2.3","1462785","data/chi-bad-ads-data-main/screenshots/1462785.webp","COVID Products;Google Responsive","","0.7","1.8","0.1","0.1","0.2","0","0","4.8","10","0","","G","1462785.webp","TRUE"
"full_dataset","v2.3","1462792","data/chi-bad-ads-data-main/screenshots/1462792.webp","COVID Products;Image","","0.8","1.2","0.1","0.2","0","0.1","0","4.7","10","1","","G","1462792.webp","TRUE"
"full_dataset","v2.3","1462827","data/chi-bad-ads-data-main/screenshots/1462827.webp","Advertorial;Health and Supplements;Native","health","2.6","0.3","0.7","0.5","0.3","0.5","0.3","2.7","10","2","","R","1462827.webp","TRUE"
"full_dataset","v2.3","1462834","data/chi-bad-ads-data-main/screenshots/1462834.webp","Google Responsive;Software Download","","1.2","0.6","0.2","0.4","0","0","0","2.6","10","0","","L","1462834.webp","TRUE"
"full_dataset","v2.3","1462836","data/chi-bad-ads-data-main/screenshots/1462836.webp","Consumer Tech;Image","","0.6","1.4","0.2","0.2","0.1","0","0","4.7","10","1","","G","1462836.webp","TRUE"
"full_dataset","v2.3","1462838","data/chi-bad-ads-data-main/screenshots/1462838.webp","Dating;Native","","2.1","0.3","0.5","0.6","0.2","0.3","0","2.5","10","1","","R","1462838.webp","TRUE"
"full_dataset","v2.3","1462839","data/chi-bad-ads-data-main/screenshots/1462839.webp","Decoy;Google Responsive;Software Download","","2.090909091","0","0.272727273","0.909090909","0.181818182","0","0.454545455","1.727272727","11","3","","U","1462839.webp","TRUE"
"full_dataset","v2.3","1462849","data/chi-bad-ads-data-main/screenshots/1462849.webp","Listicle;Native;Senior Living","","1.818181818","0.272727273","0.454545455","0.272727273","0.181818182","0.181818182","0.363636364","2.454545455","11","2","","S","1462849.webp","TRUE"
"full_dataset","v2.3","1462850","data/chi-bad-ads-data-main/screenshots/1462850.webp","Google Responsive;Household Products","","0.4","0.7","0","0","0","0.1","0.1","3.6","10","0","","I","1462850.webp","TRUE"
"full_dataset","v2.3","1462852","data/chi-bad-ads-data-main/screenshots/1462852.webp","Human Interest;Listicle;Native","","1.3","0.8","0.7","0.2","0","0","0","3","10","3","","Q","1462852.webp","TRUE"
"full_dataset","v2.3","1462907","data/chi-bad-ads-data-main/screenshots/1462907.webp","Household Products;Image","","0.4","1.8","0","0.1","0.1","0","0","4.5","10","2","","D","1462907.webp","TRUE"
"full_dataset","v2.3","1462911","data/chi-bad-ads-data-main/screenshots/1462911.webp","Google Responsive;Household Products","","1.8","0.4","0.4","0.2","0.2","0","0.2","3","10","0","","Q","1462911.webp","TRUE"
"full_dataset","v2.3","1462915","data/chi-bad-ads-data-main/screenshots/1462915.webp","Celebrity News;Listicle;Native","","2.5","0.5","1","0.6","0.2","0.3","0.2","2.3","10","4","","R","1462915.webp","TRUE"
"full_dataset","v2.3","1462933","data/chi-bad-ads-data-main/screenshots/1462933.webp","Household Products;Image","","0.3","1.4","0.1","0","0","0","0","3.9","10","2","","D","1462933.webp","TRUE"
"full_dataset","v2.3","1463063","data/chi-bad-ads-data-main/screenshots/1463063.webp","Consumer Tech;Image","","0.545454545","1.727272727","0.181818182","0","0","0","0.181818182","4.181818182","11","0","","D","1463063.webp","TRUE"
"full_dataset","v2.3","1463071","data/chi-bad-ads-data-main/screenshots/1463071.webp","Google Responsive;Public Relations","","1.3","0.6","0.1","0","0","0","0.8","3.1","10","1","","P","1463071.webp","TRUE"
"full_dataset","v2.3","1463090","data/chi-bad-ads-data-main/screenshots/1463090.webp","Image;Investment Pitch","finance","1.272727273","0.909090909","0.272727273","0.181818182","0","0","0.363636364","3.727272727","11","4","","G","1463090.webp","TRUE"
"full_dataset","v2.3","1463103","data/chi-bad-ads-data-main/screenshots/1463103.webp","Decoy;Google Responsive;Software Download","","1.909090909","0.181818182","0.363636364","0.636363636","0.090909091","0","0.454545455","2.454545455","11","4","","U","1463103.webp","TRUE"
"full_dataset","v2.3","1463122","data/chi-bad-ads-data-main/screenshots/1463122.webp","Household Products;Native;Sponsored Search","","0.9","0.7","0.4","0.2","0","0","0.1","3.3","10","0","","L","1463122.webp","TRUE"
"full_dataset","v2.3","1463140","data/chi-bad-ads-data-main/screenshots/1463140.webp","Advertorial;Consumer Tech;Native","","0.6","1.8","0.2","0","0.1","0","0","4.6","10","4","","G","1463140.webp","TRUE"
"full_dataset","v2.3","1463160","data/chi-bad-ads-data-main/screenshots/1463160.webp","Advertorial;Native;Software Download","","1.6","0.3","0.4","0.2","0.2","0","0.2","2.7","10","1","","Q","1463160.webp","TRUE"
"full_dataset","v2.3","1463163","data/chi-bad-ads-data-main/screenshots/1463163.webp","Games and Toys;Native","","1.1","1.5","0.4","0.2","0.2","0","0","3.9","10","4","","G","1463163.webp","TRUE"
"full_dataset","v2.3","1463224","data/chi-bad-ads-data-main/screenshots/1463224.webp","Image;Political Content;Political Poll","","1.5","0.7","0.6","0.2","0.5","0.1","0","2.3","10","1","","M","1463224.webp","TRUE"
"full_dataset","v2.3","1463250","data/chi-bad-ads-data-main/screenshots/1463250.webp","B2B Products;Image","","1.1","0.4","0.2","0.1","0.1","0","0.2","3.2","10","1","","Q","1463250.webp","TRUE"
"full_dataset","v2.3","1463254","data/chi-bad-ads-data-main/screenshots/1463254.webp","B2B Products;Google Responsive","","0.818181818","1","0.090909091","0.090909091","0.090909091","0","0.363636364","3.818181818","11","3","","I","1463254.webp","TRUE"
"full_dataset","v2.3","1463277","data/chi-bad-ads-data-main/screenshots/1463277.webp","Household Products;Image","","0.4","1.2","0.1","0","0.1","0","0.2","4.5","10","2","","D","1463277.webp","TRUE"
"full_dataset","v2.3","1463290","data/chi-bad-ads-data-main/screenshots/1463290.webp","Image;Journalism;Political Content;Self-Link","","0.8","1.5","0","0","0","0","0.8","4.1","10","2","","E","1463290.webp","TRUE"
"full_dataset","v2.3","1463328","data/chi-bad-ads-data-main/screenshots/1463328.webp","Advertorial;Household Products;Image","","1.1","0.6","0.6","0.2","0.1","0","0.1","3.2","10","2","","G","1463328.webp","TRUE"
"full_dataset","v2.3","1463396","data/chi-bad-ads-data-main/screenshots/1463396.webp","Entertainment;Image","","0.818181818","1.090909091","0.090909091","0.272727273","0.090909091","0","0.090909091","3.363636364","11","2","","I","1463396.webp","TRUE"
"full_dataset","v2.3","1463461","data/chi-bad-ads-data-main/screenshots/1463461.webp","Image;Journalism;Self-Link","","0.4","2.1","0.1","0.2","0","0","0.1","4.5","10","1","","D","1463461.webp","TRUE"
"full_dataset","v2.3","1463480","data/chi-bad-ads-data-main/screenshots/1463480.webp","Image;Scientific Journal;Self-Link","","0.7","1.6","0.1","0","0.1","0","0.5","3.9","10","2","","D","1463480.webp","TRUE"
"full_dataset","v2.3","1463487","data/chi-bad-ads-data-main/screenshots/1463487.webp","Image;Scientific Journal;Self-Link","","0.2","1.1","0","0","0","0","0.2","4.1","10","1","","D","1463487.webp","TRUE"
"full_dataset","v2.3","1463520","data/chi-bad-ads-data-main/screenshots/1463520.webp","Entertainment;Image","","0.2","2.4","0","0","0","0","0.2","5.4","10","5","","A","1463520.webp","TRUE"
"full_dataset","v2.3","1463524","data/chi-bad-ads-data-main/screenshots/1463524.webp","Image;Public Relations","","0.2","2.2","0","0","0","0","0.1","5","10","1","","D","1463524.webp","TRUE"
"full_dataset","v2.3","1463536","data/chi-bad-ads-data-main/screenshots/1463536.webp","Household Products;Image","","0.2","1.6","0.1","0","0","0","0","4.6","10","1","","D","1463536.webp","TRUE"
"full_dataset","v2.3","1463579","data/chi-bad-ads-data-main/screenshots/1463579.webp","Household Products;Image","","0.4","1.5","0.1","0","0","0","0.3","4.1","10","3","","D","1463579.webp","TRUE"
"full_dataset","v2.3","1463581","data/chi-bad-ads-data-main/screenshots/1463581.webp","Advertorial;Health and Supplements;Native","health","2.090909091","0.181818182","0.636363636","0.272727273","0.181818182","0.181818182","0.090909091","2.272727273","11","1","","U","1463581.webp","TRUE"
"full_dataset","v2.3","1463746","data/chi-bad-ads-data-main/screenshots/1463746.webp","Cars;Image","","0.25","1.333333333","0.083333333","0","0.083333333","0","0.083333333","3.916666667","12","0","","D","1463746.webp","TRUE"
"full_dataset","v2.3","1463748","data/chi-bad-ads-data-main/screenshots/1463748.webp","Cars;Image","","0.1","1.1","0","0","0","0","0","4.2","10","0","","D","1463748.webp","TRUE"
"full_dataset","v2.3","1463775","data/chi-bad-ads-data-main/screenshots/1463775.webp","Image;Mortgages","","2","0.1","0.4","0.4","0.3","0","0.1","2.1","10","0","","Q","1463775.webp","TRUE"
"full_dataset","v2.3","1463782","data/chi-bad-ads-data-main/screenshots/1463782.webp","Consumer Tech;Image","","0.545454545","1.636363636","0.090909091","0","0","0","0.181818182","4.727272727","11","1","","D","1463782.webp","TRUE"
"full_dataset","v2.3","1463785","data/chi-bad-ads-data-main/screenshots/1463785.webp","Apparel;Image","","1","0.6","0","0","0","0.2","0.6","3.3","10","1","","I","1463785.webp","TRUE"
"full_dataset","v2.3","1463794","data/chi-bad-ads-data-main/screenshots/1463794.webp","B2B Products;Computer Security-related;Image","","2","0.6","0.7","0.7","0.2","0","0.2","3","10","3","","L","1463794.webp","TRUE"
"full_dataset","v2.3","1463806","data/chi-bad-ads-data-main/screenshots/1463806.webp","B2B Products;Image","","1.1","0.8","0.1","0","0.1","0.1","0.4","3.4","10","2","","I","1463806.webp","TRUE"
"full_dataset","v2.3","1463810","data/chi-bad-ads-data-main/screenshots/1463810.webp","B2B Products;Computer Security-related;Image","","0.916666667","0.833333333","0","0.25","0.083333333","0","0.5","3.583333333","12","1","","I","1463810.webp","TRUE"
"full_dataset","v2.3","1463816","data/chi-bad-ads-data-main/screenshots/1463816.webp","B2B Products;Image","","0.454545455","2","0","0","0","0","0.272727273","4.363636364","11","1","","D","1463816.webp","TRUE"
"full_dataset","v2.3","1463837","data/chi-bad-ads-data-main/screenshots/1463837.webp","Food and Drink;Native;Sponsored Search","","1.6","1.4","0.4","0.3","0.5","0","0","4.3","10","1","","G","1463837.webp","TRUE"
"full_dataset","v2.3","1463844","data/chi-bad-ads-data-main/screenshots/1463844.webp","Decoy;Image;Public Records Service","","1.909090909","0.181818182","0.454545455","0.727272727","0.181818182","0","0.181818182","2.454545455","11","1","","U","1463844.webp","TRUE"
"full_dataset","v2.3","1463875","data/chi-bad-ads-data-main/screenshots/1463875.webp","Advertorial;Genealogy;Native","","1.6","0.5","0.5","0.4","0.1","0.3","0.1","2.4","10","1","","R","1463875.webp","TRUE"
"full_dataset","v2.3","1463883","data/chi-bad-ads-data-main/screenshots/1463883.webp","B2B Products;Computer Security-related;Google Responsive","","1.7","0.3","0.6","0.3","0","0.1","0.3","2.5","10","2","","U","1463883.webp","TRUE"
"full_dataset","v2.3","1463885","data/chi-bad-ads-data-main/screenshots/1463885.webp","Advertorial;Health and Supplements;Native","health","1.3","0.6","0.4","0.2","0.3","0.2","0.1","3","10","1","","R","1463885.webp","TRUE"
"full_dataset","v2.3","1463887","data/chi-bad-ads-data-main/screenshots/1463887.webp","COVID Products;Native","","1.1","1.7","0.4","0.4","0.1","0.1","0","4.4","10","0","","G","1463887.webp","TRUE"
"full_dataset","v2.3","1463888","data/chi-bad-ads-data-main/screenshots/1463888.webp","Cars;Native;Sponsored Search","","0.9","1.9","0.5","0.1","0.2","0","0","4.6","10","0","","G","1463888.webp","TRUE"
"full_dataset","v2.3","1463899","data/chi-bad-ads-data-main/screenshots/1463899.webp","Native;Software Download","","0.2","2.1","0","0","0","0","0","4.5","10","1","","D","1463899.webp","TRUE"
"full_dataset","v2.3","1463931","data/chi-bad-ads-data-main/screenshots/1463931.webp","COVID Products;Image","","0.4","1.4","0","0","0.1","0","0.1","5.1","10","3","","D","1463931.webp","TRUE"
"full_dataset","v2.3","1463952","data/chi-bad-ads-data-main/screenshots/1463952.webp","B2B Products;Image","","1","1.3","0","0","0","0","0.6","4.2","10","0","","I","1463952.webp","TRUE"
"full_dataset","v2.3","1463954","data/chi-bad-ads-data-main/screenshots/1463954.webp","Entertainment;Image;Political Content","","0.9","1.5","0.1","0.2","0.2","0.2","0.1","3.8","10","2","","M","1463954.webp","TRUE"
"full_dataset","v2.3","1463962","data/chi-bad-ads-data-main/screenshots/1463962.webp","Apparel;Google Responsive","","0.5","1.1","0.1","0","0","0","0.3","3.5","10","2","","I","1463962.webp","TRUE"
"full_dataset","v2.3","1463986","data/chi-bad-ads-data-main/screenshots/1463986.webp","B2B Products;Computer Security-related;Image","","0.9","0.5","0.1","0.2","0","0","0.6","3.2","10","1","","I","1463986.webp","TRUE"
"full_dataset","v2.3","1464003","data/chi-bad-ads-data-main/screenshots/1464003.webp","Google Responsive;Political Campaign;Political Poll","","1.4","0.5","0.6","0.2","0.1","0","0.1","2.6","10","1","","S","1464003.webp","TRUE"
"full_dataset","v2.3","1464094","data/chi-bad-ads-data-main/screenshots/1464094.webp","Image;Journalism;Self-Link","","0.6","1.4","0.2","0","0","0","0.1","4.5","10","1","","D","1464094.webp","TRUE"
"full_dataset","v2.3","1464256","data/chi-bad-ads-data-main/screenshots/1464256.webp","Health and Supplements;Image","health","0.2","2","0","0","0","0","0","4.7","10","0","","D","1464256.webp","TRUE"
"full_dataset","v2.3","1464410","data/chi-bad-ads-data-main/screenshots/1464410.webp","B2B Products;Google Responsive","","1.4","0.4","0.1","0.1","0.1","0","0.5","2.8","10","2","","P","1464410.webp","TRUE"
"full_dataset","v2.3","1464504","data/chi-bad-ads-data-main/screenshots/1464504.webp","B2B Products;Image","","1.7","0.2","0.3","0.2","0","0.1","0.9","3.3","10","4","","P","1464504.webp","TRUE"
"full_dataset","v2.3","1464534","data/chi-bad-ads-data-main/screenshots/1464534.webp","Apparel;Image;Sports","","0.454545455","1.636363636","0","0","0","0","0.454545455","4.909090909","11","1","","E","1464534.webp","TRUE"
"full_dataset","v2.3","1464539","data/chi-bad-ads-data-main/screenshots/1464539.webp","Computer Security-related;Image;Software Download","","1.3","1.1","0.1","0.3","0.2","0.1","0.4","3.8","10","1","","I","1464539.webp","TRUE"
"full_dataset","v2.3","1464542","data/chi-bad-ads-data-main/screenshots/1464542.webp","Image;Mortgages","","2.6","0.5","0.7","0.7","0.3","0","0","2","10","2","","Q","1464542.webp","TRUE"
"full_dataset","v2.3","1464567","data/chi-bad-ads-data-main/screenshots/1464567.webp","B2B Products;Image","","0.6","1.4","0.1","0","0","0","0.3","3.9","10","1","","D","1464567.webp","TRUE"
"full_dataset","v2.3","1464590","data/chi-bad-ads-data-main/screenshots/1464590.webp","B2B Products;Google Responsive","","0.3","1.4","0.1","0","0","0","0.1","4.6","10","0","","D","1464590.webp","TRUE"
"full_dataset","v2.3","1464597","data/chi-bad-ads-data-main/screenshots/1464597.webp","Senior Living;Sponsored Content","","0.818181818","1.636363636","0.181818182","0","0.090909091","0","0.181818182","3.818181818","11","1","","D","1464597.webp","TRUE"
"full_dataset","v2.3","1464648","data/chi-bad-ads-data-main/screenshots/1464648.webp","Image;Recreational Drugs","","0.727272727","0.818181818","0","0.181818182","0.363636364","0.181818182","0","2.636363636","11","0","","N","1464648.webp","TRUE"
"full_dataset","v2.3","1464649","data/chi-bad-ads-data-main/screenshots/1464649.webp","B2B Products;Image","","0.7","1.7","0.1","0","0.2","0","0","3.7","10","2","","D","1464649.webp","TRUE"
"full_dataset","v2.3","1464747","data/chi-bad-ads-data-main/screenshots/1464747.webp","Image;Journalism;Self-Link","","1.2","0.6","0.1","0.3","0.3","0.1","0","3","10","1","","M","1464747.webp","TRUE"
"full_dataset","v2.3","1464751","data/chi-bad-ads-data-main/screenshots/1464751.webp","Apparel;Image","","0.6","1.5","0","0","0.1","0","0.1","3.5","10","4","","D","1464751.webp","TRUE"
"full_dataset","v2.3","1464793","data/chi-bad-ads-data-main/screenshots/1464793.webp","Image;Journalism;Self-Link","","0.9","0.7","0.1","0","0.1","0","0.4","3.9","10","0","","I","1464793.webp","TRUE"
"full_dataset","v2.3","1464809","data/chi-bad-ads-data-main/screenshots/1464809.webp","Image;Real Estate","","0.4","1.3","0","0.1","0","0","0","4.5","10","0","","D","1464809.webp","TRUE"
"full_dataset","v2.3","1464850","data/chi-bad-ads-data-main/screenshots/1464850.webp","Human Interest;Listicle;Native","","0.8","1.7","0.4","0.2","0.1","0","0","4.8","10","4","","G","1464850.webp","TRUE"
"full_dataset","v2.3","1464894","data/chi-bad-ads-data-main/screenshots/1464894.webp","Google Responsive;Political Campaign;Political Poll","","2.181818182","0.181818182","0.363636364","0.545454545","0.454545455","0.272727273","0.181818182","2.363636364","11","1","","T","1464894.webp","TRUE"
"full_dataset","v2.3","1464906","data/chi-bad-ads-data-main/screenshots/1464906.webp","Human Interest;Listicle;Native","","2.5","0.6","0.6","0.5","0.5","0.5","0.1","2.7","10","3","","R","1464906.webp","TRUE"
"full_dataset","v2.3","1464988","data/chi-bad-ads-data-main/screenshots/1464988.webp","Google Responsive;Software Download","","1.181818182","0.272727273","0","0.454545455","0","0","0.272727273","2.363636364","11","5","","L","1464988.webp","TRUE"
"full_dataset","v2.3","1464995","data/chi-bad-ads-data-main/screenshots/1464995.webp","Advertorial;Entertainment;Google Responsive","","0.3","1.2","0.1","0","0","0","0.2","4.3","10","3","","D","1464995.webp","TRUE"
"full_dataset","v2.3","1465007","data/chi-bad-ads-data-main/screenshots/1465007.webp","B2B Products;Banking/Credit Cards;Image","finance","0.2","1.6","0","0","0","0","0.1","4.2","10","0","","D","1465007.webp","TRUE"
"full_dataset","v2.3","1465015","data/chi-bad-ads-data-main/screenshots/1465015.webp","Beauty Products;Image","health","0.636363636","1.909090909","0.272727273","0","0","0","0.363636364","5.272727273","11","4","","D","1465015.webp","TRUE"
"full_dataset","v2.3","1465019","data/chi-bad-ads-data-main/screenshots/1465019.webp","Beauty Products;Image","health","0.5","1.4","0","0.1","0","0","0.4","4.5","10","0","","D","1465019.webp","TRUE"
"full_dataset","v2.3","1465095","data/chi-bad-ads-data-main/screenshots/1465095.webp","Image;Medical Services and Prescriptions","health","1.1","0.2","0","0.1","0.1","0","0.3","2.6","10","0","","P","1465095.webp","TRUE"
"full_dataset","v2.3","1465103","data/chi-bad-ads-data-main/screenshots/1465103.webp","Google Responsive;Mortgages","","0.7","0.9","0.2","0","0.1","0.1","0.3","4.4","10","3","","I","1465103.webp","TRUE"
"full_dataset","v2.3","1465106","data/chi-bad-ads-data-main/screenshots/1465106.webp","Google Responsive;Investment Pitch","finance","1.8","0.3","0.4","0.5","0.2","0","0.2","2.9","10","0","","Q","1465106.webp","TRUE"
"full_dataset","v2.3","1465132","data/chi-bad-ads-data-main/screenshots/1465132.webp","Household Products;Image","","1.3","1","0.3","0.1","0.1","0","0.4","3.3","10","1","","Q","1465132.webp","TRUE"
"full_dataset","v2.3","1465162","data/chi-bad-ads-data-main/screenshots/1465162.webp","Computer Security-related;Google Responsive;Software Download","","1.8","0.2","0.3","0.7","0.1","0","0.2","2.1","10","0","","U","1465162.webp","TRUE"
"full_dataset","v2.3","1465218","data/chi-bad-ads-data-main/screenshots/1465218.webp","Human Interest;Listicle;Native","","2.8","0.1","0.9","0.6","0.3","0.1","0.4","1.8","10","1","","U","1465218.webp","TRUE"
"full_dataset","v2.3","1465219","data/chi-bad-ads-data-main/screenshots/1465219.webp","Entertainment;Image;Self-Link","","1","2.4","0.2","0.1","0.1","0","0.2","4.7","10","1","","G","1465219.webp","TRUE"
"full_dataset","v2.3","1465270","data/chi-bad-ads-data-main/screenshots/1465270.webp","Image;Journalism;Self-Link","","0.4","1.1","0.1","0.1","0.2","0","0","4.2","10","0","","G","1465270.webp","TRUE"
"full_dataset","v2.3","1465330","data/chi-bad-ads-data-main/screenshots/1465330.webp","Employment;Image","employment","1.6","0.2","0.3","0.2","0.1","0","0.3","2.9","10","1","","Q","1465330.webp","TRUE"
"full_dataset","v2.3","1465363","data/chi-bad-ads-data-main/screenshots/1465363.webp","Health and Supplements;Native","health","2.1","0.2","0.7","0.6","0.3","0","0.1","2.6","10","1","","U","1465363.webp","TRUE"
"full_dataset","v2.3","1465380","data/chi-bad-ads-data-main/screenshots/1465380.webp","Google Responsive;Software Download","","1.4","0.8","0.6","0.3","0","0","0.2","2.9","10","1","","L","1465380.webp","TRUE"
"full_dataset","v2.3","1465385","data/chi-bad-ads-data-main/screenshots/1465385.webp","Apparel;Image","","0.5","0.9","0","0.1","0","0","0.3","3.9","10","2","","I","1465385.webp","TRUE"
"full_dataset","v2.3","1465472","data/chi-bad-ads-data-main/screenshots/1465472.webp","COVID Products;Native","","1","1.3","0.3","0.3","0.1","0","0","3.9","10","3","","G","1465472.webp","TRUE"
"full_dataset","v2.3","1465493","data/chi-bad-ads-data-main/screenshots/1465493.webp","Image;Religious;Self-Link","","0.454545455","1.363636364","0.090909091","0","0.181818182","0","0.181818182","3.363636364","11","0","","I","1465493.webp","TRUE"
"full_dataset","v2.3","1465524","data/chi-bad-ads-data-main/screenshots/1465524.webp","Image;Medical Services and Prescriptions","health","0.3","2","0","0.1","0","0","0.1","5.2","10","1","","D","1465524.webp","TRUE"
"full_dataset","v2.3","1465577","data/chi-bad-ads-data-main/screenshots/1465577.webp","Advertorial;Cars;Native","","1.636363636","0.545454545","0.545454545","0.636363636","0","0","0.181818182","2.909090909","11","4","","L","1465577.webp","TRUE"
"full_dataset","v2.3","1465628","data/chi-bad-ads-data-main/screenshots/1465628.webp","Education;Image","","1.6","0.4","0.4","0.2","0.1","0","0.2","3.3","10","1","","Q","1465628.webp","TRUE"
"full_dataset","v2.3","1465660","data/chi-bad-ads-data-main/screenshots/1465660.webp","Consumer Tech;Google Responsive","","1","2.3","0.3","0.1","0.2","0","0.2","4.5","10","2","","G","1465660.webp","TRUE"
"full_dataset","v2.3","1465673","data/chi-bad-ads-data-main/screenshots/1465673.webp","Contest;Image","","2.4","0.3","0.9","0.7","0.3","0.1","0.1","1.7","10","2","","U","1465673.webp","TRUE"
"full_dataset","v2.3","1465703","data/chi-bad-ads-data-main/screenshots/1465703.webp","Cars;Image","","0.1","1.9","0","0","0","0","0.1","5.1","10","2","","D","1465703.webp","TRUE"
"full_dataset","v2.3","1465714","data/chi-bad-ads-data-main/screenshots/1465714.webp","B2B Products;Image","","1","0.9","0.3","0.2","0.1","0","0.1","3.9","10","1","","L","1465714.webp","TRUE"
"full_dataset","v2.3","1465717","data/chi-bad-ads-data-main/screenshots/1465717.webp","Entertainment;Listicle;Native","","2.2","0.3","0.9","0.4","0.1","0.2","0.2","2.6","10","1","","R","1465717.webp","TRUE"
"full_dataset","v2.3","1465725","data/chi-bad-ads-data-main/screenshots/1465725.webp","Contest;Image","","2.2","0.5","0.8","0.5","0.4","0.2","0.1","2.8","10","1","","R","1465725.webp","TRUE"
"full_dataset","v2.3","1465793","data/chi-bad-ads-data-main/screenshots/1465793.webp","Games and Toys;Listicle;Native","","1.8","0.7","0.6","0.3","0.1","0.4","0.1","2.9","10","1","","R","1465793.webp","TRUE"
"full_dataset","v2.3","1465811","data/chi-bad-ads-data-main/screenshots/1465811.webp","Health and Supplements;Image;Self-Link;Software Download","health","0.4","1.5","0.1","0","0","0","0.1","4","10","4","","D","1465811.webp","TRUE"
"full_dataset","v2.3","1465856","data/chi-bad-ads-data-main/screenshots/1465856.webp","Household Products;Sponsored Content","","0.6","1.3","0.2","0","0.1","0.1","0","4.5","10","3","","G","1465856.webp","TRUE"
"full_dataset","v2.3","1465887","data/chi-bad-ads-data-main/screenshots/1465887.webp","Computer Security-related;Image;Software Download","","1.636363636","1","0.272727273","0.272727273","0.181818182","0","0.363636364","3.727272727","11","2","","L","1465887.webp","TRUE"
"full_dataset","v2.3","1465912","data/chi-bad-ads-data-main/screenshots/1465912.webp","B2B Products;Google Responsive","","0.3","1","0.1","0","0","0","0.1","4.6","10","1","","I","1465912.webp","TRUE"
"full_dataset","v2.3","1465916","data/chi-bad-ads-data-main/screenshots/1465916.webp","Decoy;Image;Software Download","","2.8","0.1","0.6","0.8","0.3","0","0.6","1.3","10","2","","U","1465916.webp","TRUE"
"full_dataset","v2.3","1465919","data/chi-bad-ads-data-main/screenshots/1465919.webp","Image;Legal Services","","0.7","1.6","0.3","0.1","0.1","0","0.2","4.3","10","0","","G","1465919.webp","TRUE"
"full_dataset","v2.3","1465924","data/chi-bad-ads-data-main/screenshots/1465924.webp","Image;Religious","","1.5","1.1","0.2","0.4","0.4","0.3","0.1","3.6","10","0","","M","1465924.webp","TRUE"
"full_dataset","v2.3","1465925","data/chi-bad-ads-data-main/screenshots/1465925.webp","Entertainment;Image;Self-Link","","0.3","1.8","0.1","0","0.1","0","0.1","5.1","10","0","","D","1465925.webp","TRUE"
"full_dataset","v2.3","1466000","data/chi-bad-ads-data-main/screenshots/1466000.webp","Google Responsive;Legal Services","","1.9","0.2","0.4","0.7","0.3","0","0.1","2.7","10","1","","U","1466000.webp","TRUE"
"full_dataset","v2.3","1466065","data/chi-bad-ads-data-main/screenshots/1466065.webp","Entertainment;Image","","0.5","1.5","0.1","0.1","0.2","0","0","4.2","10","2","","G","1466065.webp","TRUE"
"full_dataset","v2.3","1466200","data/chi-bad-ads-data-main/screenshots/1466200.webp","Decoy;Google Responsive;Software Download","","1.9","0.4","0.5","0.6","0.1","0.1","0.4","2.9","10","2","","U","1466200.webp","TRUE"
"full_dataset","v2.3","1466220","data/chi-bad-ads-data-main/screenshots/1466220.webp","B2B Products;Image","","0.4","0.6","0","0.1","0","0","0.1","3.9","10","0","","I","1466220.webp","TRUE"
"full_dataset","v2.3","1466222","data/chi-bad-ads-data-main/screenshots/1466222.webp","B2B Products;Computer Security-related;Image","","0.3","1.7","0","0","0","0","0.3","4.4","10","2","","D","1466222.webp","TRUE"
"full_dataset","v2.3","1466260","data/chi-bad-ads-data-main/screenshots/1466260.webp","B2B Products;Computer Security-related;Image;Self-Link","","0.363636364","1.636363636","0","0.090909091","0","0","0.090909091","4.454545455","11","2","","D","1466260.webp","TRUE"
"full_dataset","v2.3","1466379","data/chi-bad-ads-data-main/screenshots/1466379.webp","Entertainment;Image","","0.6","1.4","0.1","0","0.1","0","0.2","4","10","2","","D","1466379.webp","TRUE"
"full_dataset","v2.3","1466396","data/chi-bad-ads-data-main/screenshots/1466396.webp","Image;Software Download","","0.3","1.8","0.2","0.1","0","0","0","4.8","10","0","","D","1466396.webp","TRUE"
"full_dataset","v2.3","1466411","data/chi-bad-ads-data-main/screenshots/1466411.webp","Google Responsive;Medical Services and Prescriptions","health","1.7","0.4","0.5","0.2","0.3","0.2","0.1","3","10","0","","R","1466411.webp","TRUE"
"full_dataset","v2.3","1466412","data/chi-bad-ads-data-main/screenshots/1466412.webp","Image;Mortgages","","1.3","0.1","0.5","0.3","0.1","0","0","2.6","10","0","","T","1466412.webp","TRUE"
"full_dataset","v2.3","1466420","data/chi-bad-ads-data-main/screenshots/1466420.webp","Apparel;Image","","0.4","2.3","0.2","0","0.1","0","0","5","10","3","","C","1466420.webp","TRUE"
"full_dataset","v2.3","1466424","data/chi-bad-ads-data-main/screenshots/1466424.webp","Consumer Tech;Image","","0.5","1.4","0","0.1","0","0","0.3","4.2","10","4","","D","1466424.webp","TRUE"
"full_dataset","v2.3","1466493","data/chi-bad-ads-data-main/screenshots/1466493.webp","Image;Medical Services and Prescriptions","health","0.4","2.4","0","0.2","0.1","0","0.1","4.7","10","3","","C","1466493.webp","TRUE"
"full_dataset","v2.3","1466501","data/chi-bad-ads-data-main/screenshots/1466501.webp","Advertorial;Health and Supplements;Image","health","2","0.7","0.8","0.8","0","0","0","2.8","10","1","","L","1466501.webp","TRUE"
"full_dataset","v2.3","1466531","data/chi-bad-ads-data-main/screenshots/1466531.webp","Google Responsive;Household Products","","0.2","1.3","0","0","0","0","0.2","4.6","10","3","","D","1466531.webp","TRUE"
"full_dataset","v2.3","1466565","data/chi-bad-ads-data-main/screenshots/1466565.webp","Image;Travel","","1","1.4","0.2","0.1","0","0.1","0.3","4.3","10","3","","I","1466565.webp","TRUE"
"full_dataset","v2.3","1466575","data/chi-bad-ads-data-main/screenshots/1466575.webp","Apparel;Image","","1.2","0.9","0.3","0.1","0","0","0.2","3.4","10","2","","I","1466575.webp","TRUE"
"full_dataset","v2.3","1466632","data/chi-bad-ads-data-main/screenshots/1466632.webp","B2B Products;Image","","0.8","1.2","0.2","0.1","0","0","0.3","4.3","10","1","","I","1466632.webp","TRUE"
"full_dataset","v2.3","1466641","data/chi-bad-ads-data-main/screenshots/1466641.webp","Image;Journalism;Self-Link","","0.6","1.9","0.1","0","0","0","0.3","4.7","10","0","","D","1466641.webp","TRUE"
"full_dataset","v2.3","1466686","data/chi-bad-ads-data-main/screenshots/1466686.webp","Consumer Tech;Image","","0","1.7","0","0","0","0","0","5.1","10","1","","A","1466686.webp","TRUE"
"full_dataset","v2.3","1466734","data/chi-bad-ads-data-main/screenshots/1466734.webp","Entertainment;Image","","0","1.9","0","0","0","0","0","4.5","10","0","","D","1466734.webp","TRUE"
"full_dataset","v2.3","1466738","data/chi-bad-ads-data-main/screenshots/1466738.webp","B2B Products;Image","","0.25","1.916666667","0","0","0","0","0.166666667","5.166666667","12","3","","D","1466738.webp","TRUE"
"full_dataset","v2.3","1466777","data/chi-bad-ads-data-main/screenshots/1466777.webp","Banking/Credit Cards;Image","finance","0.5","1.8","0.2","0","0","0","0.2","4.8","10","0","","D","1466777.webp","TRUE"
"full_dataset","v2.3","1466779","data/chi-bad-ads-data-main/screenshots/1466779.webp","B2B Products;Computer Security-related;Google Responsive","","0.9","0.7","0.1","0","0","0","0.2","3.3","10","1","","L","1466779.webp","TRUE"
"full_dataset","v2.3","1466795","data/chi-bad-ads-data-main/screenshots/1466795.webp","B2B Products;Image","","1.1","0.4","0.2","0.2","0","0","0.6","2.9","10","4","","I","1466795.webp","TRUE"
"full_dataset","v2.3","1466855","data/chi-bad-ads-data-main/screenshots/1466855.webp","B2B Products;Consumer Tech;Image;Self-Link","","0.7","1","0.1","0.1","0","0","0.3","3.8","10","2","","I","1466855.webp","TRUE"
"full_dataset","v2.3","1466870","data/chi-bad-ads-data-main/screenshots/1466870.webp","Entertainment;Image","","0.6","2.1","0.1","0","0","0","0.2","4.3","10","1","","D","1466870.webp","TRUE"
"full_dataset","v2.3","1466876","data/chi-bad-ads-data-main/screenshots/1466876.webp","Contest;Gifts;Image","","1.2","1","0.3","0.3","0.2","0","0.2","3.3","10","2","","G","1466876.webp","TRUE"
"full_dataset","v2.3","1466945","data/chi-bad-ads-data-main/screenshots/1466945.webp","Advertorial;Banking/Credit Cards;Image","finance","1.1","1.3","0.3","0.3","0","0","0.2","3.7","10","3","","G","1466945.webp","TRUE"
"full_dataset","v2.3","1466963","data/chi-bad-ads-data-main/screenshots/1466963.webp","Medical Services and Prescriptions;Native","health","1.4","0.5","0.5","0.2","0.1","0","0.1","2.5","10","2","","Q","1466963.webp","TRUE"
"full_dataset","v2.3","1466995","data/chi-bad-ads-data-main/screenshots/1466995.webp","Entertainment;Image;Self-Link","","0.3","1.9","0","0","0.1","0","0","4.9","10","3","","D","1466995.webp","TRUE"
"full_dataset","v2.3","1467012","data/chi-bad-ads-data-main/screenshots/1467012.webp","Banking/Credit Cards;Image","finance","0.5","1.1","0","0.1","0.1","0.1","0","3.2","10","4","","I","1467012.webp","TRUE"
"full_dataset","v2.3","1467019","data/chi-bad-ads-data-main/screenshots/1467019.webp","Entertainment;Image;Self-Link","","0.3","2.8","0.1","0.1","0.1","0","0","4.7","10","0","","C","1467019.webp","TRUE"
"full_dataset","v2.3","1467041","data/chi-bad-ads-data-main/screenshots/1467041.webp","B2B Products;Google Responsive;Sponsored Search","","1.5","0.4","0.1","0.2","0","0","0.5","2.9","10","1","","P","1467041.webp","TRUE"
"full_dataset","v2.3","1467128","data/chi-bad-ads-data-main/screenshots/1467128.webp","Food and Drink;Image;Self-Link","","0.2","1.9","0","0","0","0","0.1","4.8","10","1","","D","1467128.webp","TRUE"
"full_dataset","v2.3","1467135","data/chi-bad-ads-data-main/screenshots/1467135.webp","Image;Wedding Services","","0.6","1.2","0","0.1","0","0","0.3","3.8","10","0","","I","1467135.webp","TRUE"
"full_dataset","v2.3","1467175","data/chi-bad-ads-data-main/screenshots/1467175.webp","Apparel;Google Responsive","","0.7","0.7","0.1","0.1","0","0","0.4","3.3","10","0","","I","1467175.webp","TRUE"
"full_dataset","v2.3","1467218","data/chi-bad-ads-data-main/screenshots/1467218.webp","Banking/Credit Cards;Image","finance","0.9","1.1","0.3","0.2","0.1","0","0.1","3.9","10","2","","G","1467218.webp","TRUE"
"full_dataset","v2.3","1467265","data/chi-bad-ads-data-main/screenshots/1467265.webp","Entertainment;Image","","0.3","1.6","0","0.1","0","0","0.1","5.3","10","1","","D","1467265.webp","TRUE"
"full_dataset","v2.3","1467293","data/chi-bad-ads-data-main/screenshots/1467293.webp","Image;Scientific Journal;Self-Link","","0.4","1.4","0.1","0","0","0","0.1","4.1","10","1","","D","1467293.webp","TRUE"
"full_dataset","v2.3","1467433","data/chi-bad-ads-data-main/screenshots/1467433.webp","Advertorial;Beauty Products;Image","health","0.2","2.3","0","0","0","0","0.2","5.8","10","1","","A","1467433.webp","TRUE"
"full_dataset","v2.3","1467474","data/chi-bad-ads-data-main/screenshots/1467474.webp","B2B Products;Image","","0.6","1.3","0","0.1","0.1","0","0.3","4.1","10","1","","I","1467474.webp","TRUE"
"full_dataset","v2.3","1467484","data/chi-bad-ads-data-main/screenshots/1467484.webp","B2B Products;Image","","0.3","2.2","0","0","0","0","0.2","4.7","10","1","","D","1467484.webp","TRUE"
"full_dataset","v2.3","1467518","data/chi-bad-ads-data-main/screenshots/1467518.webp","Computer Security-related;Image;Software Download","","0.727272727","1.181818182","0.090909091","0.181818182","0.181818182","0","0.090909091","3.727272727","11","6","","G","1467518.webp","TRUE"
"full_dataset","v2.3","1467521","data/chi-bad-ads-data-main/screenshots/1467521.webp","B2B Products;Sponsored Content","","1.5","0.4","0.2","0.1","0","0","0.5","2.7","10","1","","P","1467521.webp","TRUE"
"full_dataset","v2.3","1467537","data/chi-bad-ads-data-main/screenshots/1467537.webp","Beauty Products;Image","health","0.090909091","1.818181818","0","0.090909091","0","0","0","4.818181818","11","0","","D","1467537.webp","TRUE"
"full_dataset","v2.3","1467549","data/chi-bad-ads-data-main/screenshots/1467549.webp","Entertainment;Google Responsive;Self-Link","","0.363636364","1.363636364","0","0","0","0.181818182","0","3.909090909","11","2","","F","1467549.webp","TRUE"
"full_dataset","v2.3","1467681","data/chi-bad-ads-data-main/screenshots/1467681.webp","COVID Products;Native","","0.4","2","0","0","0.1","0","0.1","4.8","10","2","","D","1467681.webp","TRUE"
"full_dataset","v2.3","1467726","data/chi-bad-ads-data-main/screenshots/1467726.webp","B2B Products;Google Responsive","","1.7","0.6","0.3","0.1","0","0","0.3","3.4","10","1","","Q","1467726.webp","TRUE"
"full_dataset","v2.3","1467739","data/chi-bad-ads-data-main/screenshots/1467739.webp","Cars;Image","","0","2","0","0","0","0","0","4.5","10","1","","D","1467739.webp","TRUE"
"full_dataset","v2.3","1467892","data/chi-bad-ads-data-main/screenshots/1467892.webp","Games and Toys;Google Responsive","","0.9","0.6","0.1","0.1","0","0","0.2","3.3","10","4","","I","1467892.webp","TRUE"
"full_dataset","v2.3","1467912","data/chi-bad-ads-data-main/screenshots/1467912.webp","Household Products;Image;Self-Link","","0.3","2.4","0","0.1","0.1","0","0","5.3","10","3","","C","1467912.webp","TRUE"
"full_dataset","v2.3","1467945","data/chi-bad-ads-data-main/screenshots/1467945.webp","Image;Software Download","","0.2","1.5","0","0","0","0","0.1","4.5","10","3","","D","1467945.webp","TRUE"
"full_dataset","v2.3","1467959","data/chi-bad-ads-data-main/screenshots/1467959.webp","Food and Drink;Image;Self-Link","","0.2","1.9","0","0","0","0","0","5","10","2","","D","1467959.webp","TRUE"
"full_dataset","v2.3","1468028","data/chi-bad-ads-data-main/screenshots/1468028.webp","B2B Products;Image","","0.7","0.9","0","0","0","0","0.6","3.8","10","1","","I","1468028.webp","TRUE"
"full_dataset","v2.3","1468040","data/chi-bad-ads-data-main/screenshots/1468040.webp","Food and Drink;Image","","1.1","1.7","0.3","0.2","0.2","0.1","0","3.7","10","2","","G","1468040.webp","TRUE"
"full_dataset","v2.3","1468079","data/chi-bad-ads-data-main/screenshots/1468079.webp","Advertorial;Health and Supplements;Native;Pets","health","1.909090909","0.909090909","0.545454545","0.363636364","0.272727273","0.181818182","0.363636364","4","11","2","","R","1468079.webp","TRUE"
"full_dataset","v2.3","1468087","data/chi-bad-ads-data-main/screenshots/1468087.webp","B2B Products;Image","","0.7","0.7","0","0.1","0","0","0.4","3.7","10","2","","I","1468087.webp","TRUE"
"full_dataset","v2.3","1468122","data/chi-bad-ads-data-main/screenshots/1468122.webp","Image;Travel","","1.3","0.7","0.3","0.4","0","0","0.1","3.1","10","2","","L","1468122.webp","TRUE"
"full_dataset","v2.3","1468142","data/chi-bad-ads-data-main/screenshots/1468142.webp","Household Products;Image","","0.083333333","1.75","0","0","0","0","0","4.666666667","12","0","","D","1468142.webp","TRUE"
"full_dataset","v2.3","1468148","data/chi-bad-ads-data-main/screenshots/1468148.webp","Google Responsive;Social Media","","1","1.4","0.2","0.4","0.1","0","0.1","4.3","10","3","","G","1468148.webp","TRUE"
"full_dataset","v2.3","1468157","data/chi-bad-ads-data-main/screenshots/1468157.webp","Native;Pets","","0.636363636","1","0.454545455","0.090909091","0","0","0","4.363636364","11","2","","G","1468157.webp","TRUE"
"full_dataset","v2.3","1468161","data/chi-bad-ads-data-main/screenshots/1468161.webp","COVID Products;Native","","1.4","1.1","0.6","0.4","0.1","0","0.1","3.4","10","2","","G","1468161.webp","TRUE"
"full_dataset","v2.3","1468172","data/chi-bad-ads-data-main/screenshots/1468172.webp","Google Responsive;Health and Supplements","health","2.1","0.3","0.6","0.7","0.2","0","0.3","2.1","10","2","","U","1468172.webp","TRUE"
"full_dataset","v2.3","1468254","data/chi-bad-ads-data-main/screenshots/1468254.webp","Advertorial;Google Responsive;Household Products","","1.2","0.6","0.3","0","0","0.3","0","3.1","10","2","","O","1468254.webp","TRUE"
"full_dataset","v2.3","1468323","data/chi-bad-ads-data-main/screenshots/1468323.webp","Google Responsive;Health and Supplements","health","1.7","0.7","0.4","0.4","0.1","0","0.3","3.9","10","0","","L","1468323.webp","TRUE"
"full_dataset","v2.3","1468330","data/chi-bad-ads-data-main/screenshots/1468330.webp","Google Responsive;Medical Services and Prescriptions","health","0.8","1.1","0","0","0","0","0.6","3.3","10","2","","I","1468330.webp","TRUE"
"full_dataset","v2.3","1468332","data/chi-bad-ads-data-main/screenshots/1468332.webp","Advertorial;Google Responsive;Health and Supplements","health","1.6","0.4","0.5","0.5","0.1","0","0.1","3.1","10","1","","L","1468332.webp","TRUE"
"full_dataset","v2.3","1468348","data/chi-bad-ads-data-main/screenshots/1468348.webp","Entertainment;Image","","0.4","1.5","0","0.1","0.1","0.1","0.1","3.7","10","3","","I","1468348.webp","TRUE"
"full_dataset","v2.3","1468503","data/chi-bad-ads-data-main/screenshots/1468503.webp","Advertorial;Consumer Tech;Native","","1.4","0.4","0.7","0.3","0","0","0.2","2.9","10","2","","L","1468503.webp","TRUE"
"full_dataset","v2.3","1468505","data/chi-bad-ads-data-main/screenshots/1468505.webp","B2B Products;Image","","0.9","1.4","0.3","0.2","0","0","0.4","3.7","10","1","","G","1468505.webp","TRUE"
"full_dataset","v2.3","1468523","data/chi-bad-ads-data-main/screenshots/1468523.webp","Health and Supplements;Sponsored Content","health","1.8","0.8","0.5","0.4","0.1","0.5","0","2.7","10","1","","R","1468523.webp","TRUE"
"full_dataset","v2.3","1468539","data/chi-bad-ads-data-main/screenshots/1468539.webp","B2B Products;Google Responsive","","0.7","0.6","0","0","0","0","0.2","3.4","10","1","","I","1468539.webp","TRUE"
"full_dataset","v2.3","1468584","data/chi-bad-ads-data-main/screenshots/1468584.webp","Celebrity News;Listicle;Native","","1.727272727","0.636363636","0.636363636","0.363636364","0.181818182","0.090909091","0.363636364","3.545454545","11","1","","R","1468584.webp","TRUE"
"full_dataset","v2.3","1468598","data/chi-bad-ads-data-main/screenshots/1468598.webp","Contest;Image;Self-Link","","2","0.8","0.4","0.8","0.4","0","0.2","2.2","10","0","","R","1468598.webp","TRUE"
"full_dataset","v2.3","1468697","data/chi-bad-ads-data-main/screenshots/1468697.webp","Decoy;Image;Software Download","","2.3","0.1","0.6","0.8","0.3","0","0.2","2.3","10","0","","U","1468697.webp","TRUE"
"full_dataset","v2.3","1468744","data/chi-bad-ads-data-main/screenshots/1468744.webp","Humanitarian;Image","","0.2","2.7","0","0","0.2","0","0","5.1","10","1","","C","1468744.webp","TRUE"
"full_dataset","v2.3","1468745","data/chi-bad-ads-data-main/screenshots/1468745.webp","Humanitarian;Image","","0.6","0.7","0","0.1","0","0","0.3","3.8","10","3","","I","1468745.webp","TRUE"
"full_dataset","v2.3","1468756","data/chi-bad-ads-data-main/screenshots/1468756.webp","B2B Products;Google Responsive","","1.4","0.4","0.3","0.1","0.1","0.1","0.4","2.5","10","1","","I","1468756.webp","TRUE"
"full_dataset","v2.3","1468805","data/chi-bad-ads-data-main/screenshots/1468805.webp","Image;Real Estate","","1","1.2","0.1","0.1","0","0","0.4","3.4","10","3","","I","1468805.webp","TRUE"
"full_dataset","v2.3","1468855","data/chi-bad-ads-data-main/screenshots/1468855.webp","Google Responsive;Software Download","","1.2","1.3","0.4","0.3","0.1","0","0.1","4","10","1","","G","1468855.webp","TRUE"
"full_dataset","v2.3","1468866","data/chi-bad-ads-data-main/screenshots/1468866.webp","Education;Google Responsive;Sponsored Search","","1.8","0.7","0.5","0.8","0.1","0","0","2.7","10","1","","L","1468866.webp","TRUE"
"full_dataset","v2.3","1468874","data/chi-bad-ads-data-main/screenshots/1468874.webp","Education;Image","","0.272727273","2.181818182","0","0","0.090909091","0","0.090909091","4.454545455","11","2","","D","1468874.webp","TRUE"
"full_dataset","v2.3","1468959","data/chi-bad-ads-data-main/screenshots/1468959.webp","B2B Products;Image","","0.8","1.1","0.3","0.1","0","0","0.1","4.1","10","0","","L","1468959.webp","TRUE"
"full_dataset","v2.3","1469039","data/chi-bad-ads-data-main/screenshots/1469039.webp","B2B Products;Image","","1","1.4","0","0","0","0","0.8","4.5","10","4","","E","1469039.webp","TRUE"
"full_dataset","v2.3","1469101","data/chi-bad-ads-data-main/screenshots/1469101.webp","Education;Image","","0.1","2.4","0","0","0","0","0.1","5.3","10","4","","A","1469101.webp","TRUE"
"full_dataset","v2.3","1469144","data/chi-bad-ads-data-main/screenshots/1469144.webp","B2B Products;Image","","0.6","1","0","0.1","0","0","0.4","3.9","10","3","","I","1469144.webp","TRUE"
"full_dataset","v2.3","1469273","data/chi-bad-ads-data-main/screenshots/1469273.webp","Google Responsive;Household Products;Sponsored Search","","0.9","1.2","0.4","0","0","0","0.1","4.2","10","1","","I","1469273.webp","TRUE"
"full_dataset","v2.3","1469324","data/chi-bad-ads-data-main/screenshots/1469324.webp","Apparel;Image","","0.3","2.5","0.1","0.1","0","0","0","5","10","3","","C","1469324.webp","TRUE"
"full_dataset","v2.3","1469331","data/chi-bad-ads-data-main/screenshots/1469331.webp","Entertainment;Image","","0.454545455","2.272727273","0","0","0","0","0.181818182","5.181818182","11","2","","A","1469331.webp","TRUE"
"full_dataset","v2.3","1469347","data/chi-bad-ads-data-main/screenshots/1469347.webp","Image;Travel","","0.4","0.8","0.2","0","0","0","0.2","4","10","2","","I","1469347.webp","TRUE"
"full_dataset","v2.3","1469393","data/chi-bad-ads-data-main/screenshots/1469393.webp","Household Products;Native;Sponsored Search","","0.8","1.7","0.5","0","0","0","0","4.1","10","4","","G","1469393.webp","TRUE"
"full_dataset","v2.3","1469453","data/chi-bad-ads-data-main/screenshots/1469453.webp","Celebrity News;Listicle;Native","","1.5","0.3","0.6","0.2","0","0","0.5","2.7","10","1","","Q","1469453.webp","TRUE"
"full_dataset","v2.3","1469473","data/chi-bad-ads-data-main/screenshots/1469473.webp","Apparel;Image","","0.1","2.4","0","0","0","0","0.1","5.5","10","1","","D","1469473.webp","TRUE"
"full_dataset","v2.3","1469526","data/chi-bad-ads-data-main/screenshots/1469526.webp","COVID Products;Google Responsive","","1.181818182","0.454545455","0.363636364","0.272727273","0","0","0","3","11","2","","L","1469526.webp","TRUE"
"full_dataset","v2.3","1469561","data/chi-bad-ads-data-main/screenshots/1469561.webp","B2B Products;Image","","1.9","0.1","0.1","0.4","0.2","0","0.8","2.4","10","2","","P","1469561.webp","TRUE"
"full_dataset","v2.3","1469565","data/chi-bad-ads-data-main/screenshots/1469565.webp","B2B Products;Image","","0.230769231","1","0","0","0","0","0.076923077","4.153846154","13","2","","I","1469565.webp","TRUE"
"full_dataset","v2.3","1469567","data/chi-bad-ads-data-main/screenshots/1469567.webp","B2B Products;Google Responsive","","0.7","0.8","0.2","0.2","0","0","0.1","3.8","10","0","","I","1469567.webp","TRUE"
"full_dataset","v2.3","1469647","data/chi-bad-ads-data-main/screenshots/1469647.webp","Image;Wedding Services","","0.5","1.3","0","0","0","0","0.4","4.4","10","2","","D","1469647.webp","TRUE"
"full_dataset","v2.3","1469656","data/chi-bad-ads-data-main/screenshots/1469656.webp","Household Products;Image","","0.5","1.2","0","0.2","0.1","0.1","0.1","4.6","10","1","","I","1469656.webp","TRUE"
"full_dataset","v2.3","1469659","data/chi-bad-ads-data-main/screenshots/1469659.webp","Humanitarian;Image;Pets","","1.3","0.3","0.1","0","0","0","0.9","3.6","10","4","","P","1469659.webp","TRUE"
"full_dataset","v2.3","1469669","data/chi-bad-ads-data-main/screenshots/1469669.webp","Image;Investment Pitch","finance","2.833333333","0.25","0.833333333","0.583333333","0.5","0","0.583333333","1.916666667","12","1","","U","1469669.webp","TRUE"
"full_dataset","v2.3","1469680","data/chi-bad-ads-data-main/screenshots/1469680.webp","Entertainment;Image","","0.272727273","2.272727273","0.090909091","0.090909091","0.090909091","0","0","4.454545455","11","1","","D","1469680.webp","TRUE"
"full_dataset","v2.3","1469693","data/chi-bad-ads-data-main/screenshots/1469693.webp","Image;Journalism","","0.909090909","1.363636364","0.272727273","0.181818182","0","0.090909091","0.181818182","3.818181818","11","0","","G","1469693.webp","TRUE"
"full_dataset","v2.3","1469701","data/chi-bad-ads-data-main/screenshots/1469701.webp","Consumer Tech;Google Responsive","","0.3","1.9","0.2","0","0","0","0","4.8","10","2","","D","1469701.webp","TRUE"
"full_dataset","v2.3","1469715","data/chi-bad-ads-data-main/screenshots/1469715.webp","Consumer Tech;Google Responsive","","0.4","1.2","0","0","0.1","0","0.1","4.1","10","2","","I","1469715.webp","TRUE"
"full_dataset","v2.3","1469723","data/chi-bad-ads-data-main/screenshots/1469723.webp","Apparel;Image","","0.3","1.1","0.1","0","0","0","0.1","4","10","1","","D","1469723.webp","TRUE"
"full_dataset","v2.3","1469745","data/chi-bad-ads-data-main/screenshots/1469745.webp","B2B Products;Image","","0.5","1","0","0","0","0","0.416666667","3.75","12","1","","I","1469745.webp","TRUE"
"full_dataset","v2.3","1469781","data/chi-bad-ads-data-main/screenshots/1469781.webp","B2B Products;Image","","0.9","0.6","0.2","0.1","0","0","0.4","3.8","10","0","","I","1469781.webp","TRUE"
"full_dataset","v2.3","1469786","data/chi-bad-ads-data-main/screenshots/1469786.webp","Education;Image","","0.2","1.7","0","0","0.2","0","0","4.8","10","3","","D","1469786.webp","TRUE"
"full_dataset","v2.3","1469814","data/chi-bad-ads-data-main/screenshots/1469814.webp","B2B Products;Image","","1","0.4","0.3","0.3","0","0","0.3","3","10","1","","L","1469814.webp","TRUE"
"full_dataset","v2.3","1469836","data/chi-bad-ads-data-main/screenshots/1469836.webp","COVID Products;Image","","0.7","0.5","0.1","0","0.1","0.1","0","3.5","10","2","","M","1469836.webp","TRUE"
"full_dataset","v2.3","1469915","data/chi-bad-ads-data-main/screenshots/1469915.webp","B2B Products;Image","","0.1","2.1","0","0","0","0","0","4.7","10","1","","D","1469915.webp","TRUE"
"full_dataset","v2.3","1469969","data/chi-bad-ads-data-main/screenshots/1469969.webp","Image;Journalism;Self-Link","","0.6","1.3","0","0","0","0.1","0.3","4.3","10","2","","I","1469969.webp","TRUE"
"full_dataset","v2.3","1470114","data/chi-bad-ads-data-main/screenshots/1470114.webp","COVID Products;Image","","0.7","1.6","0.1","0.2","0","0","0.1","4.6","10","2","","G","1470114.webp","TRUE"
"full_dataset","v2.3","1470121","data/chi-bad-ads-data-main/screenshots/1470121.webp","COVID Products;Image","","1.5","0.6","0.4","0.5","0.1","0","0","3.8","10","2","","L","1470121.webp","TRUE"
"full_dataset","v2.3","1470148","data/chi-bad-ads-data-main/screenshots/1470148.webp","B2B Products;Google Responsive","","1","0.4","0.2","0.4","0","0","0.1","3.7","10","1","","L","1470148.webp","TRUE"
"full_dataset","v2.3","1470185","data/chi-bad-ads-data-main/screenshots/1470185.webp","B2B Products;Google Responsive","","0.4","1.4","0","0","0.1","0","0.2","4.4","10","1","","I","1470185.webp","TRUE"
"full_dataset","v2.3","1470203","data/chi-bad-ads-data-main/screenshots/1470203.webp","Computer Security-related;Education;Image","","0.5","1.1","0","0.2","0.1","0","0.1","4.5","10","2","","G","1470203.webp","TRUE"
"full_dataset","v2.3","1470231","data/chi-bad-ads-data-main/screenshots/1470231.webp","Celebrity News;Native","","1.7","0.6","0.9","0.4","0","0","0.2","3.3","10","1","","Q","1470231.webp","TRUE"
"full_dataset","v2.3","1470246","data/chi-bad-ads-data-main/screenshots/1470246.webp","Advertorial;Health and Supplements;Native;Pets","health","1.181818182","1.454545455","0.363636364","0.272727273","0.181818182","0.090909091","0.090909091","4.272727273","11","1","","G","1470246.webp","TRUE"
"full_dataset","v2.3","1470265","data/chi-bad-ads-data-main/screenshots/1470265.webp","Advertorial;Household Products;Native","","2","0.2","0.8","0.2","0.1","0","0.3","2.4","10","0","","Q","1470265.webp","TRUE"
"full_dataset","v2.3","1470340","data/chi-bad-ads-data-main/screenshots/1470340.webp","Advertorial;Health and Supplements;Native","health","3.636363636","0.090909091","1","0.636363636","0.454545455","0.727272727","0.181818182","1.454545455","11","2","","R","1470340.webp","TRUE"
"full_dataset","v2.3","1470355","data/chi-bad-ads-data-main/screenshots/1470355.webp","Native;Software Download","","2.3","0.3","0.9","0.6","0.1","0.1","0","2.5","10","1","","U","1470355.webp","TRUE"
"full_dataset","v2.3","1470395","data/chi-bad-ads-data-main/screenshots/1470395.webp","Advertorial;Health and Supplements;Native","health","1.9","0.1","0.9","0.6","0.3","0.1","0","1.6","10","1","","U","1470395.webp","TRUE"
"full_dataset","v2.3","1470407","data/chi-bad-ads-data-main/screenshots/1470407.webp","Medical Services and Prescriptions;Native;Sponsored Search","health","2","0.1","0.5","0.4","0.3","0.1","0.2","2.6","10","0","","U","1470407.webp","TRUE"
"full_dataset","v2.3","1470429","data/chi-bad-ads-data-main/screenshots/1470429.webp","Advertorial;Health and Supplements;Image","health","2.7","0.6","0.8","0.7","0.3","0.1","0.2","2.9","10","0","","U","1470429.webp","TRUE"
"full_dataset","v2.3","1470503","data/chi-bad-ads-data-main/screenshots/1470503.webp","Food and Drink;Image","","0.2","2","0","0","0","0.1","0","4.9","10","2","","F","1470503.webp","TRUE"
"full_dataset","v2.3","1470532","data/chi-bad-ads-data-main/screenshots/1470532.webp","Image;Journalism;Self-Link","","0.2","1.9","0","0.1","0","0","0","5","10","0","","C","1470532.webp","TRUE"
"full_dataset","v2.3","1470535","data/chi-bad-ads-data-main/screenshots/1470535.webp","Image;Journalism;Self-Link","","0.2","1.7","0","0","0","0","0.1","5","10","2","","D","1470535.webp","TRUE"
"full_dataset","v2.3","1470578","data/chi-bad-ads-data-main/screenshots/1470578.webp","Image;Journalism;Self-Link","","0","2.363636364","0","0","0","0","0","4.909090909","11","2","","D","1470578.webp","TRUE"
"full_dataset","v2.3","1470614","data/chi-bad-ads-data-main/screenshots/1470614.webp","Education;Sponsored Content","","0.6","0.9","0.2","0.2","0","0","0.1","4.4","10","0","","J","1470614.webp","TRUE"
"full_dataset","v2.3","1470633","data/chi-bad-ads-data-main/screenshots/1470633.webp","Consumer Tech;Google Responsive;Sponsored Search","","0.9","0.7","0.2","0.2","0.1","0","0.2","3.1","10","2","","L","1470633.webp","TRUE"
"full_dataset","v2.3","1470790","data/chi-bad-ads-data-main/screenshots/1470790.webp","Image;Insurance","finance","0.909090909","1.272727273","0.090909091","0.090909091","0.090909091","0","0.454545455","4.181818182","11","3","","I","1470790.webp","TRUE"
"full_dataset","v2.3","1470817","data/chi-bad-ads-data-main/screenshots/1470817.webp","B2B Products;Google Responsive","","1.3","0.4","0.1","0.2","0","0","0.6","3","10","3","","I","1470817.webp","TRUE"
"full_dataset","v2.3","1470821","data/chi-bad-ads-data-main/screenshots/1470821.webp","Public Relations;Self-Link;Sponsored Content","","1.1","1.1","0.1","0.1","0.1","0","0.5","3.7","10","2","","I","1470821.webp","TRUE"
"full_dataset","v2.3","1470844","data/chi-bad-ads-data-main/screenshots/1470844.webp","Entertainment;Google Responsive","","1.2","0.6","0.3","0.3","0","0","0.3","3.1","10","4","","Q","1470844.webp","TRUE"
"full_dataset","v2.3","1470849","data/chi-bad-ads-data-main/screenshots/1470849.webp","Google Responsive;Legal Services","","2","0.8","0.6","0.4","0.3","0","0.2","3.2","10","0","","Q","1470849.webp","TRUE"
"full_dataset","v2.3","1470872","data/chi-bad-ads-data-main/screenshots/1470872.webp","Entertainment;Image","","0.6","1.6","0","0","0.1","0","0.1","4.4","10","2","","D","1470872.webp","TRUE"
"full_dataset","v2.3","1470887","data/chi-bad-ads-data-main/screenshots/1470887.webp","B2B Products;Image;Self-Link","","0.8","1.2","0.1","0.1","0.1","0","0.5","4.3","10","2","","I","1470887.webp","TRUE"
"full_dataset","v2.3","1470895","data/chi-bad-ads-data-main/screenshots/1470895.webp","Image;Medical Services and Prescriptions","health","1.25","0.916666667","0.25","0.166666667","0.25","0","0.083333333","3.833333333","12","1","","L","1470895.webp","TRUE"
"full_dataset","v2.3","1470998","data/chi-bad-ads-data-main/screenshots/1470998.webp","COVID Products;Native","","0.363636364","1.909090909","0.090909091","0.090909091","0","0","0","4.727272727","11","4","","C","1470998.webp","TRUE"
"full_dataset","v2.3","1471067","data/chi-bad-ads-data-main/screenshots/1471067.webp","Advertorial;Native;Political Memorabilia","","1.7","0.2","0.6","0.6","0","0.1","0.2","2.3","10","2","","T","1471067.webp","TRUE"
"full_dataset","v2.3","1471126","data/chi-bad-ads-data-main/screenshots/1471126.webp","Image;Journalism;Self-Link","","0.5","1.9","0.1","0","0","0","0.3","4.6","10","0","","D","1471126.webp","TRUE"
"full_dataset","v2.3","1471141","data/chi-bad-ads-data-main/screenshots/1471141.webp","Image;Political Campaign","","1.1","0.4","0.2","0.3","0.5","0.1","0","2.8","10","0","","M","1471141.webp","TRUE"
"full_dataset","v2.3","1471171","data/chi-bad-ads-data-main/screenshots/1471171.webp","Celebrity News;Listicle;Native","","2.1","0.2","0.6","0.3","0.3","0.5","0","1.7","10","0","","R","1471171.webp","TRUE"
"full_dataset","v2.3","1471178","data/chi-bad-ads-data-main/screenshots/1471178.webp","Human Interest;Listicle;Native","","1.545454545","0.272727273","0.727272727","0.181818182","0.181818182","0.090909091","0.090909091","2.454545455","11","2","","R","1471178.webp","TRUE"
"full_dataset","v2.3","1471216","data/chi-bad-ads-data-main/screenshots/1471216.webp","Household Products;Native;Sponsored Search","","1.4","1.5","0.7","0.4","0.2","0","0.1","3.2","10","3","","G","1471216.webp","TRUE"
"full_dataset","v2.3","1471243","data/chi-bad-ads-data-main/screenshots/1471243.webp","Advertorial;Google Responsive;Health and Supplements","health","1.8","0.3","0.5","0.2","0.1","0.3","0.2","3","10","4","","R","1471243.webp","TRUE"
"full_dataset","v2.3","1471245","data/chi-bad-ads-data-main/screenshots/1471245.webp","Image;Journalism;Self-Link","","0.6","1.4","0","0","0","0","0.4","3.7","10","2","","I","1471245.webp","TRUE"
"full_dataset","v2.3","1471414","data/chi-bad-ads-data-main/screenshots/1471414.webp","Image;Journalism;Self-Link","","0.909090909","1","0.363636364","0","0","0","0.454545455","3.454545455","11","2","","I","1471414.webp","TRUE"
"full_dataset","v2.3","1471419","data/chi-bad-ads-data-main/screenshots/1471419.webp","B2B Products;Image","","0.9","1.1","0.2","0","0","0","0.5","3.8","10","1","","I","1471419.webp","TRUE"
"full_dataset","v2.3","1471431","data/chi-bad-ads-data-main/screenshots/1471431.webp","Apparel;Image","","0.5","1","0","0.1","0","0","0","4","10","1","","I","1471431.webp","TRUE"
"full_dataset","v2.3","1471488","data/chi-bad-ads-data-main/screenshots/1471488.webp","B2B Products;Google Responsive","","1.1","1.1","0.2","0.2","0.1","0","0.1","3.9","10","1","","L","1471488.webp","TRUE"
"full_dataset","v2.3","1471520","data/chi-bad-ads-data-main/screenshots/1471520.webp","Consumer Tech;Google Responsive","","0.6","0.8","0","0","0.1","0","0.2","3.7","10","1","","I","1471520.webp","TRUE"
"full_dataset","v2.3","1471553","data/chi-bad-ads-data-main/screenshots/1471553.webp","B2B Products;Google Responsive","","0.3","2.3","0","0","0.2","0","0.1","5.2","10","3","","D","1471553.webp","TRUE"
"full_dataset","v2.3","1471570","data/chi-bad-ads-data-main/screenshots/1471570.webp","B2B Products;Google Responsive","","1.2","0.9","0.2","0.1","0.3","0.1","0.2","3.8","10","1","","G","1471570.webp","TRUE"
"full_dataset","v2.3","1471578","data/chi-bad-ads-data-main/screenshots/1471578.webp","Image;Weapons","","0.8","0.5","0.1","0.2","0","0","0.2","3.4","10","3","","J","1471578.webp","TRUE"
"full_dataset","v2.3","1471684","data/chi-bad-ads-data-main/screenshots/1471684.webp","Beauty Products;Image","health","0.2","1.4","0","0.1","0","0","0","4.6","10","3","","D","1471684.webp","TRUE"
"full_dataset","v2.3","1471755","data/chi-bad-ads-data-main/screenshots/1471755.webp","Scientific Journal;Sponsored Content","","1","0.9","0.2","0","0.1","0","0.5","3.9","10","1","","I","1471755.webp","TRUE"
"full_dataset","v2.3","1471808","data/chi-bad-ads-data-main/screenshots/1471808.webp","Household Products;Image;Self-Link","","0.1","1.8","0","0","0","0","0","4.2","10","3","","D","1471808.webp","TRUE"
"full_dataset","v2.3","1471867","data/chi-bad-ads-data-main/screenshots/1471867.webp","Consumer Tech;Sponsored Content","","0.7","0.9","0.2","0.2","0.1","0","0.1","3.9","10","0","","G","1471867.webp","TRUE"
"full_dataset","v2.3","1472003","data/chi-bad-ads-data-main/screenshots/1472003.webp","Image;Scientific Journal;Self-Link","","0.3","1.5","0","0","0","0","0.3","4.8","10","0","","D","1472003.webp","TRUE"
"full_dataset","v2.3","1472009","data/chi-bad-ads-data-main/screenshots/1472009.webp","Apparel;Image","","0.4","1.4","0.1","0.1","0","0","0.1","4.1","10","3","","D","1472009.webp","TRUE"
"full_dataset","v2.3","1472063","data/chi-bad-ads-data-main/screenshots/1472063.webp","Entertainment;Image","","0","2.6","0","0","0","0","0","5.5","10","1","","A","1472063.webp","TRUE"
"full_dataset","v2.3","1472075","data/chi-bad-ads-data-main/screenshots/1472075.webp","Household Products;Image","","0.1","1.4","0","0","0","0","0","4.4","10","2","","D","1472075.webp","TRUE"
"full_dataset","v2.3","1472114","data/chi-bad-ads-data-main/screenshots/1472114.webp","Image;Journalism;Religious;Self-Link","","0.6","1.1","0.1","0","0","0","0.5","4.4","10","2","","I","1472114.webp","TRUE"
"full_dataset","v2.3","1472124","data/chi-bad-ads-data-main/screenshots/1472124.webp","Banking/Credit Cards;Image","finance","0.5","1.3","0","0","0.1","0.1","0.2","3.9","10","0","","I","1472124.webp","TRUE"
"full_dataset","v2.3","1472173","data/chi-bad-ads-data-main/screenshots/1472173.webp","Google Responsive;Software Download","","1.909090909","0.818181818","0.363636364","0.636363636","0.181818182","0","0.272727273","2.818181818","11","4","","L","1472173.webp","TRUE"
"full_dataset","v2.3","1472186","data/chi-bad-ads-data-main/screenshots/1472186.webp","Legal Services;Native","","1.4","0.9","0.5","0.4","0.2","0","0.2","3.3","10","0","","L","1472186.webp","TRUE"
"full_dataset","v2.3","1472231","data/chi-bad-ads-data-main/screenshots/1472231.webp","Image;Real Estate","","0.6","1","0.1","0","0","0","0.1","4.3","10","4","","I","1472231.webp","TRUE"
"full_dataset","v2.3","1472265","data/chi-bad-ads-data-main/screenshots/1472265.webp","Banking/Credit Cards;Image;Public Relations","finance","0.6","1.6","0.1","0.1","0.1","0","0.2","4.8","10","2","","I","1472265.webp","TRUE"
"full_dataset","v2.3","1472295","data/chi-bad-ads-data-main/screenshots/1472295.webp","Cars;Image","","0.8","1.3","0","0","0","0","0.3","3.6","10","1","","I","1472295.webp","TRUE"
"full_dataset","v2.3","1472421","data/chi-bad-ads-data-main/screenshots/1472421.webp","Advertorial;Insurance;Native","finance","2.25","0.083333333","0.75","0.666666667","0.416666667","0","0","2.333333333","12","1","","U","1472421.webp","TRUE"
"full_dataset","v2.3","1472434","data/chi-bad-ads-data-main/screenshots/1472434.webp","Food and Drink;Sponsored Content","","0.3","2.5","0.1","0","0","0","0","5.3","10","1","","C","1472434.webp","TRUE"
"full_dataset","v2.3","1472445","data/chi-bad-ads-data-main/screenshots/1472445.webp","Image;Mortgages","","2.6","0","0.7","0.6","0.3","0.1","0.2","1.7","10","3","","T","1472445.webp","TRUE"
"full_dataset","v2.3","1472484","data/chi-bad-ads-data-main/screenshots/1472484.webp","Beauty Products;Image","health","0.4","1.1","0.1","0.1","0","0","0.2","4.5","10","3","","I","1472484.webp","TRUE"
"full_dataset","v2.3","1472499","data/chi-bad-ads-data-main/screenshots/1472499.webp","Consumer Tech;Image","","0.8","1.3","0.2","0.2","0.1","0","0.1","3.8","10","1","","G","1472499.webp","TRUE"
"full_dataset","v2.3","1472601","data/chi-bad-ads-data-main/screenshots/1472601.webp","Google Responsive;Religious","","1.1","0.6","0.5","0.2","0.1","0","0.1","3.1","10","2","","Q","1472601.webp","TRUE"
"full_dataset","v2.3","1472638","data/chi-bad-ads-data-main/screenshots/1472638.webp","Humanitarian;Image","","0.8","1.5","0","0.1","0.1","0","0.3","4.9","10","2","","D","1472638.webp","TRUE"
"full_dataset","v2.3","1472730","data/chi-bad-ads-data-main/screenshots/1472730.webp","Image;Social Media","","1.4","1","0.4","0.1","0.2","0.1","0.2","3.5","10","1","","G","1472730.webp","TRUE"
"full_dataset","v2.3","1472734","data/chi-bad-ads-data-main/screenshots/1472734.webp","Insurance;Sponsored Content","finance","0.363636364","1.727272727","0.090909091","0.090909091","0.090909091","0","0","3.636363636","11","2","","D","1472734.webp","TRUE"
"full_dataset","v2.3","1473002","data/chi-bad-ads-data-main/screenshots/1473002.webp","Contest;Sponsored Content","","0.5","1","0.1","0","0","0.1","0.2","4.1","10","0","","I","1473002.webp","TRUE"
"full_dataset","v2.3","1473205","data/chi-bad-ads-data-main/screenshots/1473205.webp","Health and Supplements;Image","health","2.818181818","0.090909091","0.636363636","0.727272727","0.272727273","0.181818182","0.181818182","1.818181818","11","2","","U","1473205.webp","TRUE"
"full_dataset","v2.3","1473358","data/chi-bad-ads-data-main/screenshots/1473358.webp","Food and Drink;Listicle;Native","","1.181818182","0.727272727","0.636363636","0.181818182","0.090909091","0","0.272727273","4.181818182","11","3","","G","1473358.webp","TRUE"
"full_dataset","v2.3","1473380","data/chi-bad-ads-data-main/screenshots/1473380.webp","Human Interest;Listicle;Native","","2.2","0.2","0.8","0.5","0.2","0.2","0.1","2.7","10","2","","T","1473380.webp","TRUE"
"full_dataset","v2.3","1473388","data/chi-bad-ads-data-main/screenshots/1473388.webp","Advertorial;Google Responsive;Health and Supplements","health","2.5","0.2","0.7","0.8","0.1","0.2","0.1","2.3","10","1","","U","1473388.webp","TRUE"
"full_dataset","v2.3","1473440","data/chi-bad-ads-data-main/screenshots/1473440.webp","Contest;Image;Sports","","0.3","1.9","0.1","0","0","0","0.1","4.7","10","2","","D","1473440.webp","TRUE"
"full_dataset","v2.3","1473546","data/chi-bad-ads-data-main/screenshots/1473546.webp","Games and Toys;Image;Journalism;Self-Link","","0.5","1","0.1","0","0.3","0","0.1","4.3","10","1","","I","1473546.webp","TRUE"
"full_dataset","v2.3","1473601","data/chi-bad-ads-data-main/screenshots/1473601.webp","Image;Scientific Journal;Self-Link","","1","0.9","0.1","0.1","0","0.1","0.4","3.4","10","1","","I","1473601.webp","TRUE"
"full_dataset","v2.3","1473602","data/chi-bad-ads-data-main/screenshots/1473602.webp","Poll","","1.1","0.8","0.3","0.1","0.1","0.1","0.2","3.5","10","1","","M","1473602.webp","TRUE"
"full_dataset","v2.3","1473666","data/chi-bad-ads-data-main/screenshots/1473666.webp","Image;Journalism;Self-Link","","0.7","1.3","0","0.1","0.2","0","0.4","3.9","10","1","","H","1473666.webp","TRUE"
"full_dataset","v2.3","1473717","data/chi-bad-ads-data-main/screenshots/1473717.webp","Human Interest;Listicle;Native","","2","0.4","0.7","0.3","0.2","0.5","0.1","2.6","10","1","","R","1473717.webp","TRUE"
"full_dataset","v2.3","1473738","data/chi-bad-ads-data-main/screenshots/1473738.webp","Advertorial;Health and Supplements;Native","health","1.5","1.4","0.7","0.4","0.3","0","0","3.7","10","1","","G","1473738.webp","TRUE"
"full_dataset","v2.3","1473756","data/chi-bad-ads-data-main/screenshots/1473756.webp","Human Interest;Listicle;Native","","2.7","0.1","0.5","0.3","0.2","0.7","0.3","1.7","10","1","","R","1473756.webp","TRUE"
"full_dataset","v2.3","1473762","data/chi-bad-ads-data-main/screenshots/1473762.webp","Health and Supplements;Native","health","1.4","0.9","0.3","0.4","0.1","0","0.2","3.2","10","0","","L","1473762.webp","TRUE"
"full_dataset","v2.3","1473773","data/chi-bad-ads-data-main/screenshots/1473773.webp","Human Interest;Listicle;Native","","2","0.2","0.7","0.5","0.1","0.4","0","2.4","10","1","","R","1473773.webp","TRUE"
"full_dataset","v2.3","1473802","data/chi-bad-ads-data-main/screenshots/1473802.webp","Celebrity News;Listicle;Native","","2.6","0.1","0.9","0.5","0.3","0.2","0.1","1.7","10","1","","U","1473802.webp","TRUE"
"full_dataset","v2.3","1473914","data/chi-bad-ads-data-main/screenshots/1473914.webp","Celebrity News;Listicle;Native","","2.7","0","1","0.4","0.1","0.3","0.2","2","10","0","","U","1473914.webp","TRUE"
"full_dataset","v2.3","1473958","data/chi-bad-ads-data-main/screenshots/1473958.webp","B2B Products;Image","","0.6","1.1","0.1","0.1","0","0","0.2","3.9","10","2","","I","1473958.webp","TRUE"
"full_dataset","v2.3","1474143","data/chi-bad-ads-data-main/screenshots/1474143.webp","B2B Products;Image","","0.6","1.4","0.3","0.1","0","0","0","3.6","10","0","","G","1474143.webp","TRUE"
"full_dataset","v2.3","1474246","data/chi-bad-ads-data-main/screenshots/1474246.webp","B2B Products;Image","","0.4","1.7","0","0","0","0","0.3","4.3","10","2","","D","1474246.webp","TRUE"
"full_dataset","v2.3","1474249","data/chi-bad-ads-data-main/screenshots/1474249.webp","B2B Products;Image","","0.3","1.6","0","0","0","0","0.3","4.5","10","2","","D","1474249.webp","TRUE"
"full_dataset","v2.3","1474351","data/chi-bad-ads-data-main/screenshots/1474351.webp","Image;Journalism;Self-Link","","0.6","0.8","0.1","0","0.1","0","0.3","3.7","10","2","","I","1474351.webp","TRUE"
"full_dataset","v2.3","1474410","data/chi-bad-ads-data-main/screenshots/1474410.webp","Image;Real Estate","","0.5","1.8","0","0.1","0","0","0.1","4","10","1","","D","1474410.webp","TRUE"
"full_dataset","v2.3","1474471","data/chi-bad-ads-data-main/screenshots/1474471.webp","Apparel;Image","","0.3","1.6","0","0","0","0","0","4.3","10","1","","D","1474471.webp","TRUE"
"full_dataset","v2.3","1474545","data/chi-bad-ads-data-main/screenshots/1474545.webp","Banking/Credit Cards;Sponsored Content","finance","0.7","1.4","0.5","0","0.1","0","0","3.6","10","5","","G","1474545.webp","TRUE"
"full_dataset","v2.3","1474632","data/chi-bad-ads-data-main/screenshots/1474632.webp","Health and Supplements;Native","health","2.3","0.2","0.9","0.7","0.1","0","0.2","2.7","10","2","","U","1474632.webp","TRUE"
"full_dataset","v2.3","1474636","data/chi-bad-ads-data-main/screenshots/1474636.webp","Advertorial;Consumer Tech;Native","","1.3","0.7","0.4","0.4","0","0","0.2","3.7","10","1","","L","1474636.webp","TRUE"
"full_dataset","v2.3","1474724","data/chi-bad-ads-data-main/screenshots/1474724.webp","Household Products;Image","","0.4","2","0.1","0.1","0.1","0","0","5","10","1","","D","1474724.webp","TRUE"
"full_dataset","v2.3","1474786","data/chi-bad-ads-data-main/screenshots/1474786.webp","Image;Political Content;Political Poll","","0.5","1.9","0.2","0.1","0.1","0","0.1","3.8","10","0","","C","1474786.webp","TRUE"
"full_dataset","v2.3","1474796","data/chi-bad-ads-data-main/screenshots/1474796.webp","Advertorial;Google Responsive;Health and Supplements","health","2.2","0.1","0.6","0.8","0","0.2","0.1","2.5","10","4","","T","1474796.webp","TRUE"
"full_dataset","v2.3","1474809","data/chi-bad-ads-data-main/screenshots/1474809.webp","Gifts;Image","","0","2.2","0","0","0","0","0","4.8","10","3","","D","1474809.webp","TRUE"
"full_dataset","v2.3","1474812","data/chi-bad-ads-data-main/screenshots/1474812.webp","B2B Products;Image","","0","1.909090909","0","0","0","0","0","5.181818182","11","2","","D","1474812.webp","TRUE"
"full_dataset","v2.3","1474819","data/chi-bad-ads-data-main/screenshots/1474819.webp","B2B Products;Image","","0.5","1.4","0.1","0.1","0","0.1","0.1","4.1","10","0","","I","1474819.webp","TRUE"
"full_dataset","v2.3","1474920","data/chi-bad-ads-data-main/screenshots/1474920.webp","B2B Products;Image","","0.6","1.2","0","0","0.2","0","0.3","4.2","10","2","","I","1474920.webp","TRUE"
"full_dataset","v2.3","1474994","data/chi-bad-ads-data-main/screenshots/1474994.webp","Advertorial;Computer Security-related;Native;Software Download","","2.1","0","0.7","0.5","0.4","0","0","2.1","10","1","","U","1474994.webp","TRUE"
"full_dataset","v2.3","1475019","data/chi-bad-ads-data-main/screenshots/1475019.webp","Advertorial;Insurance;Native","finance","2.1","0.2","0.7","0.4","0.4","0.1","0.1","2.2","10","3","","R","1475019.webp","TRUE"
"full_dataset","v2.3","1475235","data/chi-bad-ads-data-main/screenshots/1475235.webp","Native;Software Download","","1.090909091","1.636363636","0.272727273","0.181818182","0.181818182","0.090909091","0","4.636363636","11","3","","G","1475235.webp","TRUE"
"full_dataset","v2.3","1475257","data/chi-bad-ads-data-main/screenshots/1475257.webp","Cars;Image","","0.5","1.8","0","0.1","0.1","0","0.1","4.3","10","3","","D","1475257.webp","TRUE"
"full_dataset","v2.3","1475331","data/chi-bad-ads-data-main/screenshots/1475331.webp","Google Responsive;Travel","","0.6","1.8","0.2","0.1","0.1","0","0","4.8","10","0","","C","1475331.webp","TRUE"
"full_dataset","v2.3","1475369","data/chi-bad-ads-data-main/screenshots/1475369.webp","Education;Sponsored Content","","0.7","1.4","0","0","0.1","0","0.2","4.5","10","4","","D","1475369.webp","TRUE"
"full_dataset","v2.3","1475428","data/chi-bad-ads-data-main/screenshots/1475428.webp","B2B Products;Image","","1.8","1","0.3","0.5","0.3","0","0.3","3.8","10","3","","L","1475428.webp","TRUE"
"full_dataset","v2.3","1475479","data/chi-bad-ads-data-main/screenshots/1475479.webp","Insurance;Self-Link;Sponsored Content","finance","0.6","0.6","0.2","0.1","0.1","0","0","3.1","10","1","","I","1475479.webp","TRUE"
"full_dataset","v2.3","1475480","data/chi-bad-ads-data-main/screenshots/1475480.webp","Google Responsive;Investment Pitch","finance","1.909090909","0.272727273","0.454545455","0.545454545","0.181818182","0","0.181818182","2.272727273","11","3","","Q","1475480.webp","TRUE"
"full_dataset","v2.3","1475508","data/chi-bad-ads-data-main/screenshots/1475508.webp","B2B Products;Image;Self-Link","","0.666666667","1.333333333","0.166666667","0","0.083333333","0","0.333333333","4.416666667","12","0","","D","1475508.webp","TRUE"
"full_dataset","v2.3","1475583","data/chi-bad-ads-data-main/screenshots/1475583.webp","B2B Products;Google Responsive;Sponsored Search","","0.818181818","0.727272727","0.090909091","0.181818182","0","0.181818182","0.181818182","3.454545455","11","0","","I","1475583.webp","TRUE"
"full_dataset","v2.3","1475601","data/chi-bad-ads-data-main/screenshots/1475601.webp","Google Responsive;Travel","","0.8","0.7","0.2","0.3","0.1","0","0","3.1","10","2","","L","1475601.webp","TRUE"
"full_dataset","v2.3","1475612","data/chi-bad-ads-data-main/screenshots/1475612.webp","Education;Image","","0.3","2.1","0","0.1","0.2","0","0","4.6","10","2","","D","1475612.webp","TRUE"
"full_dataset","v2.3","1475620","data/chi-bad-ads-data-main/screenshots/1475620.webp","Entertainment;Google Responsive","","1.363636364","0.636363636","0.545454545","0.454545455","0.090909091","0","0.090909091","3.636363636","11","1","","R","1475620.webp","TRUE"
"full_dataset","v2.3","1475695","data/chi-bad-ads-data-main/screenshots/1475695.webp","Image;Journalism;Self-Link","","0.384615385","1.538461538","0.076923077","0.076923077","0.076923077","0","0.076923077","4.307692308","13","3","","D","1475695.webp","TRUE"
"full_dataset","v2.3","1475803","data/chi-bad-ads-data-main/screenshots/1475803.webp","Image;Scientific Journal;Self-Link","","1.6","0.7","0.4","0.4","0","0","0.5","3.1","10","3","","Q","1475803.webp","TRUE"
"full_dataset","v2.3","1475997","data/chi-bad-ads-data-main/screenshots/1475997.webp","Human Interest;Listicle;Native","","1.272727273","0.818181818","0.636363636","0.181818182","0","0","0.090909091","3.727272727","11","2","","R","1475997.webp","TRUE"
"full_dataset","v2.3","1476110","data/chi-bad-ads-data-main/screenshots/1476110.webp","B2B Products;Sponsored Content","","1.2","0.6","0.3","0.2","0","0","0.2","2.5","10","3","","L","1476110.webp","TRUE"
"full_dataset","v2.3","1476136","data/chi-bad-ads-data-main/screenshots/1476136.webp","COVID Products;Native","","0.5","2.3","0.3","0.2","0","0","0","4.8","10","1","","G","1476136.webp","TRUE"
"full_dataset","v2.3","1476143","data/chi-bad-ads-data-main/screenshots/1476143.webp","Banking/Credit Cards;Sponsored Content","finance","1","1.5","0.3","0.1","0.1","0","0.2","3.8","10","0","","G","1476143.webp","TRUE"
"full_dataset","v2.3","1476202","data/chi-bad-ads-data-main/screenshots/1476202.webp","B2B Products;Image","","0.727272727","0.727272727","0.090909091","0.090909091","0.090909091","0","0.272727273","3.181818182","11","1","","I","1476202.webp","TRUE"
"full_dataset","v2.3","1476227","data/chi-bad-ads-data-main/screenshots/1476227.webp","Image;Medical Services and Prescriptions","health","0.3","1.7","0.1","0","0.1","0","0","4.3","10","2","","D","1476227.webp","TRUE"
"full_dataset","v2.3","1476238","data/chi-bad-ads-data-main/screenshots/1476238.webp","Games and Toys;Google Responsive","","0.8","1.1","0.2","0.3","0.1","0","0","3.6","10","2","","G","1476238.webp","TRUE"
"full_dataset","v2.3","1476490","data/chi-bad-ads-data-main/screenshots/1476490.webp","Apparel;Image","","1","0.4","0","0.3","0.1","0","0","3.4","10","0","","L","1476490.webp","TRUE"
"full_dataset","v2.3","1476550","data/chi-bad-ads-data-main/screenshots/1476550.webp","Education;Image","","0.636363636","1","0","0.090909091","0.090909091","0","0.090909091","3.454545455","11","0","","I","1476550.webp","TRUE"
"full_dataset","v2.3","1476603","data/chi-bad-ads-data-main/screenshots/1476603.webp","Apparel;Google Responsive","","1.2","0.9","0.4","0.3","0.1","0","0.1","3.6","10","3","","L","1476603.webp","TRUE"
"full_dataset","v2.3","1476615","data/chi-bad-ads-data-main/screenshots/1476615.webp","Google Responsive;Household Products","","0.4","1.4","0","0","0","0","0.1","4.8","10","3","","D","1476615.webp","TRUE"
"full_dataset","v2.3","1476767","data/chi-bad-ads-data-main/screenshots/1476767.webp","Humanitarian;Image","","0.8","1","0.1","0.1","0.3","0","0.1","4","10","2","","I","1476767.webp","TRUE"
"full_dataset","v2.3","1476790","data/chi-bad-ads-data-main/screenshots/1476790.webp","Image;Journalism;Self-Link","","0.818181818","0.727272727","0.090909091","0.181818182","0.090909091","0.090909091","0.090909091","3.363636364","11","1","","G","1476790.webp","TRUE"
"full_dataset","v2.3","1476817","data/chi-bad-ads-data-main/screenshots/1476817.webp","Image;Journalism;Self-Link","","0.6","1.1","0.1","0.1","0","0","0.3","4","10","3","","J","1476817.webp","TRUE"
"full_dataset","v2.3","1476836","data/chi-bad-ads-data-main/screenshots/1476836.webp","Image;Medical Services and Prescriptions","health","0.9","1.6","0.1","0.2","0.1","0.1","0.1","3.4","10","2","","G","1476836.webp","TRUE"
"full_dataset","v2.3","1476838","data/chi-bad-ads-data-main/screenshots/1476838.webp","Sponsored Content;Travel","","0.545454545","1.818181818","0.090909091","0.090909091","0.090909091","0","0.090909091","4.727272727","11","2","","D","1476838.webp","TRUE"
"full_dataset","v2.3","1476876","data/chi-bad-ads-data-main/screenshots/1476876.webp","Food and Drink;Image","","0.272727273","2.454545455","0","0.090909091","0.090909091","0","0","4.727272727","11","5","","D","1476876.webp","TRUE"
"full_dataset","v2.3","1476879","data/chi-bad-ads-data-main/screenshots/1476879.webp","Banking/Credit Cards;Google Responsive","finance","1.1","0.3","0.6","0.1","0","0","0.1","2.6","10","2","","L","1476879.webp","TRUE"
"full_dataset","v2.3","1476883","data/chi-bad-ads-data-main/screenshots/1476883.webp","Apparel;Image;Sports","","0.2","1.9","0.1","0","0","0","0","4.8","10","4","","D","1476883.webp","TRUE"
"full_dataset","v2.3","1476889","data/chi-bad-ads-data-main/screenshots/1476889.webp","Image;Scientific Journal;Self-Link","","0.3","2.6","0.1","0.2","0","0","0","5.4","10","1","","C","1476889.webp","TRUE"
"full_dataset","v2.3","1476898","data/chi-bad-ads-data-main/screenshots/1476898.webp","Advertorial;B2B Products;Google Responsive","","1","0.4","0.1","0.1","0","0","0.5","3","10","3","","P","1476898.webp","TRUE"
"full_dataset","v2.3","1476943","data/chi-bad-ads-data-main/screenshots/1476943.webp","Image;Pets","","0.2","2","0","0","0","0","0.2","5.4","10","5","","A","1476943.webp","TRUE"
"full_dataset","v2.3","1476967","data/chi-bad-ads-data-main/screenshots/1476967.webp","Consumer Tech;Image","","0.7","1.9","0.1","0.1","0.1","0","0.2","4.4","10","1","","D","1476967.webp","TRUE"
"full_dataset","v2.3","1477037","data/chi-bad-ads-data-main/screenshots/1477037.webp","Household Products;Image","","0.4","2","0","0.1","0","0","0.3","4.3","10","3","","D","1477037.webp","TRUE"
"full_dataset","v2.3","1477062","data/chi-bad-ads-data-main/screenshots/1477062.webp","Apparel;Sponsored Content","","0.7","1.3","0.2","0.3","0","0","0","4.1","10","1","","G","1477062.webp","TRUE"
"full_dataset","v2.3","1477101","data/chi-bad-ads-data-main/screenshots/1477101.webp","COVID Products;Native","","1.7","1.6","0.5","0.4","0","0","0.3","4.2","10","2","","L","1477101.webp","TRUE"
"full_dataset","v2.3","1477164","data/chi-bad-ads-data-main/screenshots/1477164.webp","Apparel;Image","","2.1","0.6","0.7","0.3","0.2","0.4","0.1","3.4","10","0","","R","1477164.webp","TRUE"
"full_dataset","v2.3","1477175","data/chi-bad-ads-data-main/screenshots/1477175.webp","Human Interest;Listicle;Native","","2.4","0.2","0.8","0.4","0.2","0.5","0.3","2.5","10","1","","R","1477175.webp","TRUE"
"full_dataset","v2.3","1477184","data/chi-bad-ads-data-main/screenshots/1477184.webp","Human Interest;Listicle;Native","","1.8","0.7","0.8","0.4","0.2","0.2","0.1","2.4","10","1","","R","1477184.webp","TRUE"
"full_dataset","v2.3","1477197","data/chi-bad-ads-data-main/screenshots/1477197.webp","Google Responsive;Political Campaign","","0.7","0.4","0.1","0.3","0","0.1","0.1","2.9","10","1","","J","1477197.webp","TRUE"
"full_dataset","v2.3","1477215","data/chi-bad-ads-data-main/screenshots/1477215.webp","Apparel;Image","","1.3","0.6","0.1","0.2","0.2","0.2","0.2","2.4","10","3","","M","1477215.webp","TRUE"
"full_dataset","v2.3","1477335","data/chi-bad-ads-data-main/screenshots/1477335.webp","Dating;Native","","1.8","0.7","0.5","0.4","0.3","0.3","0.1","2.7","10","4","","R","1477335.webp","TRUE"
"full_dataset","v2.3","1477410","data/chi-bad-ads-data-main/screenshots/1477410.webp","Decoy;Google Responsive;Software Download","","2.7","0.1","0.6","0.9","0.3","0","0.5","1.7","10","1","","U","1477410.webp","TRUE"
"full_dataset","v2.3","1477559","data/chi-bad-ads-data-main/screenshots/1477559.webp","Consumer Tech;Household Products;Image","","0.4","1.7","0.1","0","0.1","0","0.2","4.4","10","3","","D","1477559.webp","TRUE"
"full_dataset","v2.3","1477576","data/chi-bad-ads-data-main/screenshots/1477576.webp","Cars;Image","","1","0.727272727","0.272727273","0.090909091","0","0","0.181818182","3.454545455","11","2","","L","1477576.webp","TRUE"
"full_dataset","v2.3","1477704","data/chi-bad-ads-data-main/screenshots/1477704.webp","Image;Insurance","finance","0.2","1.5","0","0.1","0.1","0","0","4.3","10","2","","C","1477704.webp","TRUE"
"full_dataset","v2.3","1477859","data/chi-bad-ads-data-main/screenshots/1477859.webp","Consumer Tech;Google Responsive","","0.3","1.8","0","0.1","0","0","0","4.6","10","2","","D","1477859.webp","TRUE"
"full_dataset","v2.3","1477895","data/chi-bad-ads-data-main/screenshots/1477895.webp","Education;Image","","0","2.5","0","0","0","0","0","5","10","2","","D","1477895.webp","TRUE"
"full_dataset","v2.3","1477921","data/chi-bad-ads-data-main/screenshots/1477921.webp","Household Products;Image","","0.3","1.1","0","0","0.1","0","0","4.1","10","1","","I","1477921.webp","TRUE"
"full_dataset","v2.3","1477932","data/chi-bad-ads-data-main/screenshots/1477932.webp","Apparel;Image","","0.9","1.2","0.2","0","0.1","0","0.1","3.7","10","0","","I","1477932.webp","TRUE"
"full_dataset","v2.3","1477944","data/chi-bad-ads-data-main/screenshots/1477944.webp","Google Responsive;Household Products","","0.8","0.9","0.4","0.3","0","0","0","3.6","10","2","","L","1477944.webp","TRUE"
"full_dataset","v2.3","1477945","data/chi-bad-ads-data-main/screenshots/1477945.webp","B2B Products;Image","","0.7","1.9","0.1","0.1","0.1","0","0.2","4.1","10","3","","D","1477945.webp","TRUE"
"full_dataset","v2.3","1477962","data/chi-bad-ads-data-main/screenshots/1477962.webp","Education;Image","","1.181818182","0.909090909","0.090909091","0","0.090909091","0.090909091","0.545454545","3.181818182","11","2","","I","1477962.webp","TRUE"
"full_dataset","v2.3","1477968","data/chi-bad-ads-data-main/screenshots/1477968.webp","Apparel;Image","","0.1","2.1","0","0","0","0","0.1","5.4","10","2","","A","1477968.webp","TRUE"
"full_dataset","v2.3","1477983","data/chi-bad-ads-data-main/screenshots/1477983.webp","Consumer Tech;Contest;Sponsored Content","","0.9","0.5","0.2","0.3","0.3","0","0","3.3","10","3","","Q","1477983.webp","TRUE"
"full_dataset","v2.3","1477984","data/chi-bad-ads-data-main/screenshots/1477984.webp","B2B Products;Google Responsive","","1.4","0","0.2","0.2","0","0","0.5","2.5","10","3","","P","1477984.webp","TRUE"
"full_dataset","v2.3","1478023","data/chi-bad-ads-data-main/screenshots/1478023.webp","B2B Products;Google Responsive","","0.4","1.1","0.1","0","0.2","0","0","3.8","10","0","","D","1478023.webp","TRUE"
"full_dataset","v2.3","1478147","data/chi-bad-ads-data-main/screenshots/1478147.webp","Image;Sports","","1.4","0.3","0.2","0.1","0.1","0","0.5","3.4","10","0","","P","1478147.webp","TRUE"
"full_dataset","v2.3","1478276","data/chi-bad-ads-data-main/screenshots/1478276.webp","B2B Products;Image","","0.9","0.4","0.2","0","0","0","0.4","3.5","10","0","","P","1478276.webp","TRUE"
"full_dataset","v2.3","1478285","data/chi-bad-ads-data-main/screenshots/1478285.webp","B2B Products;Poll","","1","0.2","0.1","0.2","0","0","0.3","3","10","1","","P","1478285.webp","TRUE"
"full_dataset","v2.3","1478327","data/chi-bad-ads-data-main/screenshots/1478327.webp","B2B Products;Google Responsive","","1","0.7","0.2","0.2","0","0","0.1","3.1","10","0","","L","1478327.webp","TRUE"
"full_dataset","v2.3","1478334","data/chi-bad-ads-data-main/screenshots/1478334.webp","B2B Products;Image","","1","0.7","0.2","0","0.1","0","0.5","3.2","10","1","","I","1478334.webp","TRUE"
"full_dataset","v2.3","1478371","data/chi-bad-ads-data-main/screenshots/1478371.webp","Medical Services and Prescriptions;Native;Sponsored Search","health","0.2","1.3","0.1","0","0","0","0","4.3","10","1","","D","1478371.webp","TRUE"
"full_dataset","v2.3","1478444","data/chi-bad-ads-data-main/screenshots/1478444.webp","Image;Journalism","","1","0.909090909","0.363636364","0.181818182","0.363636364","0","0","3.454545455","11","3","","N","1478444.webp","TRUE"
"full_dataset","v2.3","1478616","data/chi-bad-ads-data-main/screenshots/1478616.webp","Human Interest;Listicle;Native","","1.9","0.4","0.8","0.4","0.1","0.4","0.1","2.5","10","0","","R","1478616.webp","TRUE"
"full_dataset","v2.3","1478673","data/chi-bad-ads-data-main/screenshots/1478673.webp","Human Interest;Listicle;Native","","1.6","1.1","0.7","0.4","0","0.3","0","3.3","10","0","","K","1478673.webp","TRUE"
"full_dataset","v2.3","1478691","data/chi-bad-ads-data-main/screenshots/1478691.webp","Entertainment;Listicle;Native","","1.818181818","0.454545455","0.727272727","0.272727273","0.181818182","0.181818182","0.181818182","3","11","1","","R","1478691.webp","TRUE"
"full_dataset","v2.3","1478707","data/chi-bad-ads-data-main/screenshots/1478707.webp","Advertorial;Genealogy;Native","","1.7","0.7","0.6","0.4","0.1","0.1","0.3","3.3","10","3","","R","1478707.webp","TRUE"
"full_dataset","v2.3","1478753","data/chi-bad-ads-data-main/screenshots/1478753.webp","Health and Supplements;Image","health","0.2","1.2","0.1","0","0","0","0.1","4.2","10","3","","D","1478753.webp","TRUE"
"full_dataset","v2.3","1478790","data/chi-bad-ads-data-main/screenshots/1478790.webp","Celebrity News;Listicle;Native","","1.5","0","0.7","0.1","0.1","0","0.3","2.4","10","1","","U","1478790.webp","TRUE"
"full_dataset","v2.3","1478837","data/chi-bad-ads-data-main/screenshots/1478837.webp","Household Products;Sponsored Content","","0.6","1.5","0.2","0.2","0","0","0.1","4","10","0","","G","1478837.webp","TRUE"
"full_dataset","v2.3","1478922","data/chi-bad-ads-data-main/screenshots/1478922.webp","Advertorial;Google Responsive;Health and Supplements;Pets","health","1.5","0.6","0.7","0.2","0.1","0.1","0.2","3.7","10","3","","R","1478922.webp","TRUE"
"full_dataset","v2.3","1478943","data/chi-bad-ads-data-main/screenshots/1478943.webp","Food and Drink;Image","","0.7","0.8","0.2","0","0","0.1","0.4","3.8","10","1","","I","1478943.webp","TRUE"
"full_dataset","v2.3","1478986","data/chi-bad-ads-data-main/screenshots/1478986.webp","Medical Services and Prescriptions;Sponsored Content","health","1","0.9","0.2","0.4","0","0","0.2","4","10","4","","L","1478986.webp","TRUE"
"full_dataset","v2.3","1479017","data/chi-bad-ads-data-main/screenshots/1479017.webp","Celebrity News;Listicle;Native","","2","0.1","0.7","0.5","0.1","0.3","0.1","2","10","1","","T","1479017.webp","TRUE"
"full_dataset","v2.3","1479062","data/chi-bad-ads-data-main/screenshots/1479062.webp","COVID Products;Native","","1.5","0.5","0.5","0.5","0","0","0","3.4","10","1","","Q","1479062.webp","TRUE"
"full_dataset","v2.3","1479071","data/chi-bad-ads-data-main/screenshots/1479071.webp","B2B Products;Google Responsive","","1.4","1","0.3","0.3","0.1","0","0.2","3.4","10","1","","L","1479071.webp","TRUE"
"full_dataset","v2.3","1479136","data/chi-bad-ads-data-main/screenshots/1479136.webp","Advertorial;Insurance;Native","finance","2.2","0.4","0.6","0.6","0.3","0","0.3","2.4","10","2","","Q","1479136.webp","TRUE"
"full_dataset","v2.3","1479139","data/chi-bad-ads-data-main/screenshots/1479139.webp","Consumer Tech;Google Responsive","","0.636363636","1.454545455","0.181818182","0.090909091","0","0","0.090909091","3.909090909","11","1","","I","1479139.webp","TRUE"
"full_dataset","v2.3","1479182","data/chi-bad-ads-data-main/screenshots/1479182.webp","Consumer Tech;Image","","0.6","1.5","0.1","0.1","0.1","0","0.1","4.2","10","0","","D","1479182.webp","TRUE"
"full_dataset","v2.3","1479187","data/chi-bad-ads-data-main/screenshots/1479187.webp","Cars;Image","","0.636363636","1.272727273","0.090909091","0","0","0","0.454545455","4.545454545","11","1","","I","1479187.webp","TRUE"
"full_dataset","v2.3","1479189","data/chi-bad-ads-data-main/screenshots/1479189.webp","Advertorial;Google Responsive;Household Products","","1.3","0.7","0.5","0.3","0.2","0","0.2","3.6","10","2","","Q","1479189.webp","TRUE"
"full_dataset","v2.3","1479228","data/chi-bad-ads-data-main/screenshots/1479228.webp","B2B Products;Google Responsive","","1.272727273","0.545454545","0.272727273","0.181818182","0","0","0.363636364","3.636363636","11","2","","P","1479228.webp","TRUE"
"full_dataset","v2.3","1479291","data/chi-bad-ads-data-main/screenshots/1479291.webp","Apparel;Image","","0.4","1.8","0.1","0","0","0","0.3","4.3","10","1","","D","1479291.webp","TRUE"
"full_dataset","v2.3","1479419","data/chi-bad-ads-data-main/screenshots/1479419.webp","B2B Products;Google Responsive","","0.5","1.3","0.1","0.1","0","0","0.2","4.6","10","2","","D","1479419.webp","TRUE"
"full_dataset","v2.3","1479467","data/chi-bad-ads-data-main/screenshots/1479467.webp","B2B Products;Image;Medical Services and Prescriptions","health","1.1","0.3","0.3","0.2","0.1","0","0.3","3.4","10","0","","Q","1479467.webp","TRUE"
"full_dataset","v2.3","1479491","data/chi-bad-ads-data-main/screenshots/1479491.webp","Humanitarian;Image","","1.1","2.1","0.1","0.1","0.2","0.1","0.4","5.1","10","2","","B","1479491.webp","TRUE"
"full_dataset","v2.3","1479540","data/chi-bad-ads-data-main/screenshots/1479540.webp","Food and Drink;Image;Self-Link","","0.363636364","1.363636364","0","0.090909091","0","0.090909091","0","4.727272727","11","1","","G","1479540.webp","TRUE"
"full_dataset","v2.3","1479701","data/chi-bad-ads-data-main/screenshots/1479701.webp","Image;Travel","","0.3","1.7","0.3","0","0","0","0","4.5","10","2","","D","1479701.webp","TRUE"
"full_dataset","v2.3","1479808","data/chi-bad-ads-data-main/screenshots/1479808.webp","Advertorial;COVID Products;Native","","1.2","1.3","0.5","0.2","0.2","0","0.1","3.5","10","2","","G","1479808.webp","TRUE"
"full_dataset","v2.3","1479903","data/chi-bad-ads-data-main/screenshots/1479903.webp","Real Estate;Self-Link;Sponsored Content","","0.8","1","0.1","0","0.3","0","0.3","4","10","0","","I","1479903.webp","TRUE"
"full_dataset","v2.3","1479939","data/chi-bad-ads-data-main/screenshots/1479939.webp","B2B Products;Google Responsive","","0.6","1.7","0.1","0","0","0","0.4","3.9","10","2","","I","1479939.webp","TRUE"
"full_dataset","v2.3","1479951","data/chi-bad-ads-data-main/screenshots/1479951.webp","Genealogy;Native","","1.181818182","0.636363636","0.363636364","0.181818182","0","0.090909091","0","3.545454545","11","1","","K","1479951.webp","TRUE"
"full_dataset","v2.3","1480046","data/chi-bad-ads-data-main/screenshots/1480046.webp","Food and Drink;Google Responsive","","0.272727273","1.727272727","0.090909091","0","0.090909091","0","0.090909091","4.818181818","11","3","","D","1480046.webp","TRUE"
"full_dataset","v2.3","1480081","data/chi-bad-ads-data-main/screenshots/1480081.webp","B2B Products;Food and Drink;Image","","1.1","2.1","0.4","0.2","0.1","0","0.4","4.4","10","1","","G","1480081.webp","TRUE"
"full_dataset","v2.3","1480353","data/chi-bad-ads-data-main/screenshots/1480353.webp","Entertainment;Google Responsive","","0.727272727","0.909090909","0.090909091","0.090909091","0.181818182","0","0.090909091","3.636363636","11","1","","G","1480353.webp","TRUE"
"full_dataset","v2.3","1480404","data/chi-bad-ads-data-main/screenshots/1480404.webp","Entertainment;Google Responsive","","0.5","2","0","0.1","0","0","0.1","4.5","10","1","","D","1480404.webp","TRUE"
"full_dataset","v2.3","1480433","data/chi-bad-ads-data-main/screenshots/1480433.webp","Advertorial;Google Responsive;Health and Supplements","health","1.4","0.3","0.3","0.2","0.3","0.4","0.1","3.1","10","1","","R","1480433.webp","TRUE"
"full_dataset","v2.3","1480464","data/chi-bad-ads-data-main/screenshots/1480464.webp","Legal Services;Native;Sponsored Search","","1.4","0.5","0.4","0.2","0.2","0","0.2","3.3","10","1","","Q","1480464.webp","TRUE"
"full_dataset","v2.3","1480493","data/chi-bad-ads-data-main/screenshots/1480493.webp","Image;Journalism;Self-Link","","1.4","1.6","0","0.3","0.3","0.3","0","3.6","10","5","","M","1480493.webp","TRUE"
"full_dataset","v2.3","1480523","data/chi-bad-ads-data-main/screenshots/1480523.webp","B2B Products;Image","","1.272727273","1.181818182","0.181818182","0.090909091","0.090909091","0","0.545454545","3.545454545","11","0","","I","1480523.webp","TRUE"
"full_dataset","v2.3","1480527","data/chi-bad-ads-data-main/screenshots/1480527.webp","B2B Products;Google Responsive","","0.5","1","0","0","0","0","0.1","4","10","1","","I","1480527.webp","TRUE"
"full_dataset","v2.3","1480552","data/chi-bad-ads-data-main/screenshots/1480552.webp","Image;Journalism;Self-Link","","0.4","1","0","0","0.1","0.1","0","4.3","10","2","","I","1480552.webp","TRUE"
"full_dataset","v2.3","1480596","data/chi-bad-ads-data-main/screenshots/1480596.webp","Celebrity News;Listicle;Native;Self-Link","","1.181818182","0.545454545","0.727272727","0.090909091","0.090909091","0.181818182","0","3.363636364","11","2","","R","1480596.webp","TRUE"
"full_dataset","v2.3","1480640","data/chi-bad-ads-data-main/screenshots/1480640.webp","Image;Travel","","0.4","2","0","0.1","0.1","0","0.2","5","10","0","","D","1480640.webp","TRUE"
"full_dataset","v2.3","1480643","data/chi-bad-ads-data-main/screenshots/1480643.webp","Image;Travel","","0.1","2.5","0","0","0","0","0.1","5.3","10","1","","A","1480643.webp","TRUE"
"full_dataset","v2.3","1480728","data/chi-bad-ads-data-main/screenshots/1480728.webp","B2B Products;Google Responsive;Sponsored Search","","1.363636364","0.727272727","0.272727273","0.363636364","0.090909091","0","0.272727273","3.090909091","11","4","","L","1480728.webp","TRUE"
"full_dataset","v2.3","1480730","data/chi-bad-ads-data-main/screenshots/1480730.webp","Image;Political Campaign","","0.727272727","1.727272727","0","0.181818182","0.090909091","0","0.181818182","4.545454545","11","2","","G","1480730.webp","TRUE"
"full_dataset","v2.3","1480748","data/chi-bad-ads-data-main/screenshots/1480748.webp","Apparel;Image","","0.9","0.6","0.2","0","0.1","0.1","0","2.8","10","1","","M","1480748.webp","TRUE"
"full_dataset","v2.3","1480749","data/chi-bad-ads-data-main/screenshots/1480749.webp","Apparel;Image","","1","2.8","0.4","0.1","0.2","0","0.2","4.9","10","1","","G","1480749.webp","TRUE"
"full_dataset","v2.3","1480771","data/chi-bad-ads-data-main/screenshots/1480771.webp","Employment;Image","employment","0.5","1.1","0.1","0","0","0","0.1","4.1","10","1","","I","1480771.webp","TRUE"
"full_dataset","v2.3","1480867","data/chi-bad-ads-data-main/screenshots/1480867.webp","B2B Products;Google Responsive","","1.090909091","0.545454545","0","0","0.090909091","0","0.545454545","3.272727273","11","0","","I","1480867.webp","TRUE"
"full_dataset","v2.3","1480905","data/chi-bad-ads-data-main/screenshots/1480905.webp","Image;Travel","","0.1","2.1","0","0","0","0","0.1","4.5","10","2","","A","1480905.webp","TRUE"
"full_dataset","v2.3","1480906","data/chi-bad-ads-data-main/screenshots/1480906.webp","Entertainment;Google Responsive","","2.4","0.3","0.5","0.6","0.2","0","0.6","3","10","4","","Q","1480906.webp","TRUE"
