"ad_id","screenshot_path","prompt_version","custom_id","batch_chunk","is_potential_violation","risk_score","primary_code_area","secondary_code_areas","evidence_type","cap_code_rule_refs","confidence","needs_human_review","usage_input_tokens","usage_output_tokens","usage_total_tokens","usage_cached_tokens","usage_reasoning_tokens","content_labels","risk_domain_hint","negative_perception_score","positive_perception_score","clickbait","deceptive","manipulative","distasteful","unclear","mean_rating","num_ratings","num_comments","cluster_id"
"1461270","data/chi-bad-ads-data-main/screenshots/1461270.webp","v2.3","ad-1461270","000_049","1","0.46","recognition_of_advertising","misleading_advertising","unclear_or_hidden_commercial_intent|cross_modal_mismatch|missing_material_information","2.1|2.4|3.3|3.9","medium","True","3583","268","3851","2816","0","Consumer Tech;Sponsored Content","","0.8333333333333333","0.8333333333333334","0.3333333333333333","0.25","0.0","0.0","0.0833333333333333","3.8333333333333335","12","1","L"
"1461275","data/chi-bad-ads-data-main/screenshots/1461275.webp","v2.3","ad-1461275","000_049","1","0.68","recognition_of_advertising","misleading_advertising","cross_modal_mismatch|unclear_or_hidden_commercial_intent|insufficient_information","2.1|2.4|3.1|3.3","medium","True","3512","236","3748","2816","0","Advertorial;Insurance;Native","finance","2.25","0.5833333333333333","0.5833333333333334","0.4166666666666667","0.1666666666666666","0.0","0.3333333333333333","3.0","12","0","Q"
"1461279","data/chi-bad-ads-data-main/screenshots/1461279.webp","v2.3","ad-1461279","000_049","0","0.24","recognition_of_advertising","","insufficient_information","","medium","False","3512","207","3719","2816","0","Beauty Products;Native","health","0.4","0.9","0.0","0.2","0.0","0.1","0.0","4.3","10","2","I"
"1461319","data/chi-bad-ads-data-main/screenshots/1461319.webp","v2.3","ad-1461319","000_049","0","0.22","other_or_unclear","recognition_of_advertising","insufficient_information","","high","False","3613","225","3838","2816","0","Image;Journalism;Self-Link","","0.2","2.0","0.0","0.0","0.0","0.0","0.1","4.7","10","0","D"
"1461346","data/chi-bad-ads-data-main/screenshots/1461346.webp","v2.3","ad-1461346","000_049","0","0.15","other_or_unclear","","insufficient_information","","high","False","3503","202","3705","0","0","Google Responsive;Software Download","","1.1","1.1","0.2","0.2","0.2","0.0","0.0","3.7","10","2","L"
"1461378","data/chi-bad-ads-data-main/screenshots/1461378.webp","v2.3","ad-1461378","000_049","0","0.08","other_or_unclear","recognition_of_advertising","insufficient_information","2.1","high","False","3554","223","3777","2816","0","Image;Journalism;Self-Link","","0.5","1.9","0.1","0.0","0.0","0.0","0.1","4.8","10","0","D"
"1461427","data/chi-bad-ads-data-main/screenshots/1461427.webp","v2.3","ad-1461427","000_049","1","0.58","misleading_advertising","health_medical_or_wellbeing_claim","objective_claim_requires_substantiation|insufficient_information","3.1|3.7|12|15.1","medium","True","3515","258","3773","2816","0","COVID Products;Google Responsive","","0.6000000000000001","1.6","0.1","0.1","0.0","0.0","0.0","4.3","10","1","D"
"1461473","data/chi-bad-ads-data-main/screenshots/1461473.webp","v2.3","ad-1461473","000_049","0","0.09","other_or_unclear","","insufficient_information","","high","False","3561","193","3754","2816","0","Household Products;Image","","0.1","1.5","0.1","0.0","0.0","0.0","0.0","4.6","10","1","D"
"1461482","data/chi-bad-ads-data-main/screenshots/1461482.webp","v2.3","ad-1461482","000_049","1","0.42","misleading_advertising","recognition_of_advertising","objective_claim_requires_substantiation|missing_material_information","3.1|3.3|3.7|2.1","medium","True","3781","274","4055","2816","0","B2B Products;Sponsored Content","","0.3","2.0","0.0","0.0","0.0","0.0","0.1","4.8","10","0","A"
"1461495","data/chi-bad-ads-data-main/screenshots/1461495.webp","v2.3","ad-1461495","000_049","1","0.58","recognition_of_advertising","misleading_advertising","unclear_or_hidden_commercial_intent|cross_modal_mismatch","2.1|2.4|3.1","medium","True","3871","256","4127","2816","0","Image;Journalism;Self-Link","","0.3","1.7000000000000002","0.0","0.1","0.0","0.0","0.2","4.5","10","0","I"
"1461505","data/chi-bad-ads-data-main/screenshots/1461505.webp","v2.3","ad-1461505","000_049","1","0.68","misleading_advertising","other_or_unclear","objective_claim_requires_substantiation","3.1|3.7","medium","True","4490","252","4742","0","0","Investment Pitch;Sponsored Content","finance","0.2727272727272727","2.6363636363636367","0.0909090909090909","0.0909090909090909","0.0","0.0","0.0","5.090909090909091","11","2","C"
"1461512","data/chi-bad-ads-data-main/screenshots/1461512.webp","v2.3","ad-1461512","000_049","1","0.55","misleading_advertising","recognition_of_advertising","cross_modal_mismatch|unclear_or_hidden_commercial_intent|objective_claim_requires_substantiation","2.1|2.4|3.1|3.3|3.7","medium","True","3923","289","4212","2816","0","Consumer Tech;Google Responsive;Listicle","","1.4","2.1","0.3","0.3","0.2","0.0","0.3","3.9","10","3","G"
"1461515","data/chi-bad-ads-data-main/screenshots/1461515.webp","v2.3","ad-1461515","000_049","0","0.15","other_or_unclear","","insufficient_information","","high","False","3521","188","3709","2816","0","B2B Products;Image","","0.9","1.0","0.0","0.1","0.0","0.0","0.2","3.7","10","0","I"
"1461542","data/chi-bad-ads-data-main/screenshots/1461542.webp","v2.3","ad-1461542","000_049","0","0.12","other_or_unclear","","insufficient_information","","high","False","3704","209","3913","2816","0","Apparel;Image","","0.7000000000000001","0.9","0.0","0.2","0.0","0.0","0.1","4.3","10","2","I"
"1461550","data/chi-bad-ads-data-main/screenshots/1461550.webp","v2.3","ad-1461550","000_049","0","0.18","other_or_unclear","","insufficient_information","","low","False","3521","240","3761","2816","0","Apparel;Image","","0.6","1.3","0.0","0.1","0.0","0.1","0.1","4.3","10","1","I"
"1461573","data/chi-bad-ads-data-main/screenshots/1461573.webp","v2.3","ad-1461573","000_049","1","0.56","misleading_advertising","recognition_of_advertising","objective_claim_requires_substantiation|missing_material_information","3.1|3.3|3.7|3.9|2.1","medium","True","3515","266","3781","2816","0","Computer Security-related;Google Responsive;Sponsored Search","","0.8","0.6000000000000001","0.1","0.1","0.1","0.1","0.1","3.5","10","0","I"
"1461654","data/chi-bad-ads-data-main/screenshots/1461654.webp","v2.3","ad-1461654","000_049","1","0.72","recognition_of_advertising","financial_or_business_opportunity|misleading_advertising","unclear_or_hidden_commercial_intent|insufficient_information","2.1|2.3|2.4|3.1|3.3","medium","True","3527","264","3791","2816","0","Advertorial;Investment Pitch;Native;Political Content","finance","1.7272727272727273","0.3636363636363637","0.6363636363636364","0.5454545454545454","0.3636363636363637","0.0","0.0","2.8181818181818183","11","0","Q"
"1461709","data/chi-bad-ads-data-main/screenshots/1461709.webp","v2.3","ad-1461709","000_049","1","0.58","financial_or_business_opportunity","misleading_advertising","unclear_or_hidden_commercial_intent|missing_material_information","3.1|3.3|20.1","medium","True","3512","249","3761","2816","0","B2B Products;Computer Security-related;Image","","1.4","0.7","0.4","0.2","0.5","0.0","0.1","3.1","10","1","R"
"1461765","data/chi-bad-ads-data-main/screenshots/1461765.webp","v2.3","ad-1461765","000_049","0","0.12","other_or_unclear","","insufficient_information","","high","False","3489","193","3682","2816","0","B2B Products;Google Responsive","","1.0","0.5","0.2","0.0","0.0","0.0","0.3","3.1","10","4","P"
"1461781","data/chi-bad-ads-data-main/screenshots/1461781.webp","v2.3","ad-1461781","000_049","1","0.6","recognition_of_advertising","misleading_advertising","unclear_or_hidden_commercial_intent|cross_modal_mismatch|missing_material_information","2.1|2.3|2.4|3.1|3.3","medium","True","3579","267","3846","0","0","B2B Products;Sponsored Content","","0.7000000000000001","2.2","0.2","0.0","0.0","0.0","0.1","4.6","10","2","C"
"1461795","data/chi-bad-ads-data-main/screenshots/1461795.webp","v2.3","ad-1461795","000_049","1","0.56","health_medical_or_wellbeing_claim","misleading_advertising","objective_claim_requires_substantiation","12|15.1|3.1|3.7","medium","True","3489","217","3706","2816","0","Beauty Products;Image","health","0.8","1.0","0.1","0.3","0.0","0.0","0.1","3.8","10","1","I"
"1461798","data/chi-bad-ads-data-main/screenshots/1461798.webp","v2.3","ad-1461798","000_049","1","0.48","financial_or_business_opportunity","misleading_advertising","earnings_or_business_opportunity_claim|insufficient_information","3.1|3.3|3.7|20.7|20.8","medium","True","3515","247","3762","2816","0","B2B Products;Google Responsive","","1.4","0.4","0.2","0.4","0.2","0.0","0.3","2.4","10","3","L"
"1461810","data/chi-bad-ads-data-main/screenshots/1461810.webp","v2.3","ad-1461810","000_049","1","0.41","recognition_of_advertising","misleading_advertising","unclear_or_hidden_commercial_intent|insufficient_information","2.1|2.4|3.1","medium","True","3613","250","3863","2816","0","B2B Products;Google Responsive","","0.3","1.0","0.1","0.1","0.0","0.0","0.0","4.3","10","3","I"
"1461828","data/chi-bad-ads-data-main/screenshots/1461828.webp","v2.3","ad-1461828","000_049","0","0.12","recognition_of_advertising","","insufficient_information","2.1","high","False","3687","201","3888","2816","0","Entertainment;Image","","0.4","0.8","0.1","0.1","0.1","0.0","0.0","3.8","10","1","I"
"1461830","data/chi-bad-ads-data-main/screenshots/1461830.webp","v2.3","ad-1461830","000_049","1","0.48","misleading_advertising","","objective_claim_requires_substantiation","3.1|3.7|3.11","medium","True","3613","215","3828","2816","0","B2B Products;Image","","0.6000000000000001","0.8","0.1","0.0","0.1","0.0","0.0","3.6","10","1","I"
"1461989","data/chi-bad-ads-data-main/screenshots/1461989.webp","v2.3","ad-1461989","000_049","1","0.74","misleading_advertising","recognition_of_advertising|financial_or_business_opportunity","unclear_or_hidden_commercial_intent|missing_material_information|objective_claim_requires_substantiation","2.1|2.3|3.1|3.3|3.5|3.7|3.9|20.1","medium","True","3819","293","4112","2816","0","Image;Insurance","finance","1.6","0.7","0.4","0.2","0.3","0.0","0.3","2.8","10","1","L"
"1461990","data/chi-bad-ads-data-main/screenshots/1461990.webp","v2.3","ad-1461990","000_049","0","0.15","other_or_unclear","","insufficient_information","","high","False","3522","201","3723","2816","0","Image;Journalism;Self-Link","","0.9","0.9","0.1","0.1","0.0","0.0","0.4","3.9","10","1","I"
"1462090","data/chi-bad-ads-data-main/screenshots/1462090.webp","v2.3","ad-1462090","000_049","1","0.63","financial_or_business_opportunity","misleading_advertising","earnings_or_business_opportunity_claim|missing_material_information","20.1|20.8|3.1|3.3|3.9","medium","True","3923","251","4174","2816","0","Education;Image","","1.0","1.1","0.5","0.2","0.2","0.0","0.0","3.3","10","4","N"
"1462091","data/chi-bad-ads-data-main/screenshots/1462091.webp","v2.3","ad-1462091","000_049","0","0.14","other_or_unclear","","insufficient_information","","high","False","3819","183","4002","2816","0","Beauty Products;Image;Public Relations","health","0.1818181818181818","1.9090909090909087","0.0","0.0","0.0","0.0","0.0909090909090909","4.909090909090909","11","3","A"
"1462110","data/chi-bad-ads-data-main/screenshots/1462110.webp","v2.3","ad-1462110","000_049","0","0.12","recognition_of_advertising","","insufficient_information","","high","False","3644","192","3836","2816","0","Entertainment;Image","","0.2","1.8","0.1","0.0","0.0","0.0","0.0","4.3","10","1","D"
"1462117","data/chi-bad-ads-data-main/screenshots/1462117.webp","v2.3","ad-1462117","000_049","0","0.12","other_or_unclear","","insufficient_information","","high","False","3817","192","4009","2816","0","Consumer Tech;Image;Self-Link","","0.2","2.9","0.0","0.0","0.0","0.0","0.1","5.5","10","1","A"
"1462162","data/chi-bad-ads-data-main/screenshots/1462162.webp","v2.3","ad-1462162","000_049","1","0.47","misleading_advertising","recognition_of_advertising","objective_claim_requires_substantiation|missing_material_information","3.1|3.3|3.7|3.9|2.1","medium","True","3503","248","3751","2816","0","Cell Service;Image","","0.7272727272727273","1.272727272727273","0.2727272727272727","0.0909090909090909","0.2727272727272727","0.0","0.0","3.909090909090909","11","1","G"
"1462354","data/chi-bad-ads-data-main/screenshots/1462354.webp","v2.3","ad-1462354","000_049","0","0.18","other_or_unclear","recognition_of_advertising","insufficient_information","","high","False","3512","203","3715","2816","0","Apparel;Native","","0.5","1.5","0.1","0.2","0.0","0.0","0.0","4.0","10","2","G"
"1462372","data/chi-bad-ads-data-main/screenshots/1462372.webp","v2.3","ad-1462372","000_049","1","0.56","recognition_of_advertising","misleading_advertising","unclear_or_hidden_commercial_intent|objective_claim_requires_substantiation","2.1|2.4|3.1|3.7","medium","True","3512","277","3789","2816","0","Games and Toys;Native","","1.1","0.4","0.4","0.2","0.2","0.0","0.0","2.7","10","1","R"
"1462385","data/chi-bad-ads-data-main/screenshots/1462385.webp","v2.3","ad-1462385","000_049","1","0.48","health_medical_or_wellbeing_claim","misleading_advertising","objective_claim_requires_substantiation","12|15.1|3.1|3.7","medium","True","3512","215","3727","2816","0","Health and Supplements;Native","health","2.181818181818182","0.9090909090909092","0.7272727272727273","0.5454545454545454","0.3636363636363637","0.0909090909090909","0.1818181818181818","2.4545454545454546","11","2","R"
"1462434","data/chi-bad-ads-data-main/screenshots/1462434.webp","v2.3","ad-1462434","000_049","0","0.18","other_or_unclear","","insufficient_information","","high","False","3647","210","3857","2816","0","B2B Products;Image","","1.5","1.0","0.2","0.3","0.1","0.0","0.6","3.1","10","2","I"
"1462442","data/chi-bad-ads-data-main/screenshots/1462442.webp","v2.3","ad-1462442","000_049","0","0.18","other_or_unclear","","insufficient_information","","low","False","3541","212","3753","2816","0","B2B Products;Image","","1.6","0.6","0.3","0.3","0.0","0.0","0.5","3.3","10","1","L"
"1462506","data/chi-bad-ads-data-main/screenshots/1462506.webp","v2.3","ad-1462506","000_049","1","0.81","health_medical_or_wellbeing_claim","misleading_advertising","health_cure_prevention_or_weight_loss_claim|objective_claim_requires_substantiation|missing_material_information","12|15.1|3.1|3.3|3.7","medium","True","3511","309","3820","2816","0","Image;Medical Services and Prescriptions","health","0.9","1.4","0.1","0.2","0.1","0.0","0.1","3.5","10","0","L"
"1462524","data/chi-bad-ads-data-main/screenshots/1462524.webp","v2.3","ad-1462524","000_049","1","0.78","health_medical_or_wellbeing_claim","misleading_advertising","health_cure_prevention_or_weight_loss_claim|missing_material_information|objective_claim_requires_substantiation","12|15.1|3.1|3.3|3.7","medium","True","3525","280","3805","2816","0","Advertorial;Google Responsive;Health and Supplements","health","2.4","0.2","0.7","0.5","0.2","0.3","0.3","2.5","10","1","U"
"1462538","data/chi-bad-ads-data-main/screenshots/1462538.webp","v2.3","ad-1462538","000_049","0","0.18","other_or_unclear","","insufficient_information","","high","False","3719","189","3908","0","0","Medical Services and Prescriptions;Native;Sponsored Search","health","0.2","1.3","0.0","0.0","0.0","0.2","0.0","4.8","10","2","F"
"1462549","data/chi-bad-ads-data-main/screenshots/1462549.webp","v2.3","ad-1462549","000_049","1","0.82","health_medical_or_wellbeing_claim","misleading_advertising","health_cure_prevention_or_weight_loss_claim|objective_claim_requires_substantiation","12|15.1|3.1|3.7","medium","True","3503","226","3729","2816","0","Advertorial;Health and Supplements;Native","health","2.1","0.3","0.8","0.5","0.2","0.0","0.2","2.5","10","1","U"
"1462571","data/chi-bad-ads-data-main/screenshots/1462571.webp","v2.3","ad-1462571","000_049","1","0.58","misleading_advertising","","objective_claim_requires_substantiation|exaggerated_capability_or_performance","3.1|3.7|3.11","medium","True","3627","229","3856","2816","0","Advertorial;Google Responsive;Household Products","","1.5","0.7","0.5","0.3","0.0","0.3","0.0","3.3","10","2","R"
"1462575","data/chi-bad-ads-data-main/screenshots/1462575.webp","v2.3","ad-1462575","000_049","1","0.68","recognition_of_advertising","misleading_advertising","unclear_or_hidden_commercial_intent|cross_modal_mismatch|missing_material_information","2.1|2.3|2.4|3.1|3.3","medium","True","3503","277","3780","2816","0","Investment Pitch;Native","finance","3.2","0.1","1.0","0.6","0.6","0.0","0.3","2.1","10","0","U"
"1462660","data/chi-bad-ads-data-main/screenshots/1462660.webp","v2.3","ad-1462660","000_049","1","0.55","misleading_advertising","health_medical_or_wellbeing_claim","objective_claim_requires_substantiation|missing_material_information","3.1|3.7|3.9|3.10|12","medium","True","3503","259","3762","2816","0","Household Products;Image","","0.0","2.8000000000000003","0.0","0.0","0.0","0.0","0.0","4.7","10","1","D"
"1462723","data/chi-bad-ads-data-main/screenshots/1462723.webp","v2.3","ad-1462723","000_049","0","0.08","other_or_unclear","","insufficient_information","","high","False","3871","203","4074","2816","0","B2B Products;Google Responsive","","0.2","1.1","0.0","0.0","0.0","0.0","0.1","3.6","10","2","I"
"1462728","data/chi-bad-ads-data-main/screenshots/1462728.webp","v2.3","ad-1462728","000_049","0","0.08","other_or_unclear","","insufficient_information","","high","False","3665","183","3848","2816","0","Entertainment;Image","","0.4545454545454546","1.0909090909090908","0.0","0.0","0.0","0.0909090909090909","0.1818181818181818","3.8181818181818175","11","0","I"
"1462747","data/chi-bad-ads-data-main/screenshots/1462747.webp","v2.3","ad-1462747","000_049","1","0.47","misleading_advertising","recognition_of_advertising","exaggerated_capability_or_performance|cross_modal_mismatch|insufficient_information","3.1|3.7|3.11|2.1","medium","True","3525","257","3782","2816","0","Games and Toys;Native","","1.4","0.7000000000000001","0.6","0.4","0.1","0.0","0.2","3.1","10","2","R"
"1462772","data/chi-bad-ads-data-main/screenshots/1462772.webp","v2.3","ad-1462772","000_049","1","0.44","health_medical_or_wellbeing_claim","misleading_advertising","objective_claim_requires_substantiation|insufficient_information","12|3.1|3.7","medium","True","3512","242","3754","2816","0","COVID Products;Image","","0.1","1.8","0.0","0.1","0.0","0.0","0.0","4.9","10","2","D"
"1462785","data/chi-bad-ads-data-main/screenshots/1462785.webp","v2.3","ad-1462785","000_049","1","0.6","health_medical_or_wellbeing_claim","misleading_advertising","health_cure_prevention_or_weight_loss_claim|objective_claim_requires_substantiation","12|15.1|3.1|3.7|3.11","medium","True","3771","280","4051","2816","0","COVID Products;Google Responsive","","0.7","1.8","0.1","0.1","0.2","0.0","0.0","4.8","10","0","G"
"1462792","data/chi-bad-ads-data-main/screenshots/1462792.webp","v2.3","ad-1462792","000_049","1","0.52","misleading_advertising","recognition_of_advertising","misleading_price_or_offer|unclear_or_hidden_commercial_intent","3.17|2.1|2.4","medium","True","3666","253","3919","2816","0","COVID Products;Image","","0.8","1.2","0.1","0.2","0.0","0.1","0.0","4.7","10","1","G"
"1462827","data/chi-bad-ads-data-main/screenshots/1462827.webp","v2.3","ad-1462827","050_099","1","0.62","health_medical_or_wellbeing_claim","misleading_advertising|recognition_of_advertising","exaggerated_capability_or_performance|unclear_or_hidden_commercial_intent","12|3.1|3.11|2.1","medium","True","3536","246","3782","2816","0","Advertorial;Health and Supplements;Native","health","2.6","0.3","0.7","0.5","0.3","0.5","0.3","2.7","10","2","R"
"1462834","data/chi-bad-ads-data-main/screenshots/1462834.webp","v2.3","ad-1462834","050_099","0","0.12","other_or_unclear","","insufficient_information","","high","False","3795","210","4005","2816","0","Google Responsive;Software Download","","1.2","0.6000000000000001","0.2","0.4","0.0","0.0","0.0","2.6","10","0","L"
"1462836","data/chi-bad-ads-data-main/screenshots/1462836.webp","v2.3","ad-1462836","050_099","1","0.67","misleading_advertising","financial_or_business_opportunity","misleading_price_or_offer|missing_material_information","3.1|3.3|3.9|3.17","medium","True","3635","248","3883","2816","0","Consumer Tech;Image","","0.6000000000000001","1.4","0.2","0.2","0.1","0.0","0.0","4.7","10","1","G"
"1462838","data/chi-bad-ads-data-main/screenshots/1462838.webp","v2.3","ad-1462838","050_099","1","0.76","recognition_of_advertising","misleading_advertising","unclear_or_hidden_commercial_intent|insufficient_information","2.1|2.4|3.1|3.3|3.5","medium","True","3666","258","3924","2816","0","Dating;Native","","2.1","0.3","0.5","0.6","0.2","0.3","0.0","2.5","10","1","R"
"1462839","data/chi-bad-ads-data-main/screenshots/1462839.webp","v2.3","ad-1462839","050_099","1","0.72","recognition_of_advertising","misleading_advertising","unclear_or_hidden_commercial_intent|cross_modal_mismatch|missing_material_information","2.1|2.3|2.4|3.1|3.3","medium","True","3795","278","4073","2816","0","Decoy;Google Responsive;Software Download","","2.090909090909091","0.0","0.2727272727272727","0.9090909090909092","0.1818181818181818","0.0","0.4545454545454545","1.7272727272727273","11","3","U"
"1462849","data/chi-bad-ads-data-main/screenshots/1462849.webp","v2.3","ad-1462849","050_099","1","0.58","recognition_of_advertising","misleading_advertising","unclear_or_hidden_commercial_intent|cross_modal_mismatch|insufficient_information","2.1|2.4|3.1|3.3","medium","True","3666","259","3925","2816","0","Listicle;Native;Senior Living","","1.8181818181818183","0.2727272727272727","0.4545454545454545","0.2727272727272727","0.1818181818181818","0.1818181818181818","0.3636363636363637","2.4545454545454546","11","2","S"
"1462850","data/chi-bad-ads-data-main/screenshots/1462850.webp","v2.3","ad-1462850","050_099","0","0.15","other_or_unclear","recognition_of_advertising","insufficient_information","2.1","high","False","3871","227","4098","2816","0","Google Responsive;Household Products","","0.4","0.7000000000000001","0.0","0.0","0.0","0.1","0.1","3.6","10","0","I"
"1462852","data/chi-bad-ads-data-main/screenshots/1462852.webp","v2.3","ad-1462852","050_099","1","0.52","misleading_advertising","recognition_of_advertising","objective_claim_requires_substantiation|unclear_or_hidden_commercial_intent","3.1|3.7|2.1","medium","True","3666","230","3896","2816","0","Human Interest;Listicle;Native","","1.3","0.8","0.7","0.2","0.0","0.0","0.0","3.0","10","3","Q"
"1462907","data/chi-bad-ads-data-main/screenshots/1462907.webp","v2.3","ad-1462907","050_099","0","0.08","other_or_unclear","","insufficient_information","","high","False","3680","194","3874","2816","0","Household Products;Image","","0.4","1.8","0.0","0.1","0.1","0.0","0.0","4.5","10","2","D"
"1462911","data/chi-bad-ads-data-main/screenshots/1462911.webp","v2.3","ad-1462911","050_099","0","0.18","misleading_advertising","","misleading_price_or_offer","3.1|3.17","high","False","3785","227","4012","2816","0","Google Responsive;Household Products","","1.8","0.4","0.4","0.2","0.2","0.0","0.2","3.0","10","0","Q"
"1462915","data/chi-bad-ads-data-main/screenshots/1462915.webp","v2.3","ad-1462915","050_099","1","0.78","recognition_of_advertising","misleading_advertising","unclear_or_hidden_commercial_intent|cross_modal_mismatch|missing_material_information","2.1|2.3|2.4|3.1|3.3","medium","True","3536","252","3788","2816","0","Celebrity News;Listicle;Native","","2.5","0.5","1.0","0.6","0.2","0.3","0.2","2.3","10","4","R"
"1462933","data/chi-bad-ads-data-main/screenshots/1462933.webp","v2.3","ad-1462933","050_099","0","0.12","other_or_unclear","","insufficient_information","","high","False","4181","200","4381","2816","0","Household Products;Image","","0.3","1.4","0.1","0.0","0.0","0.0","0.0","3.9","10","2","D"
"1463063","data/chi-bad-ads-data-main/screenshots/1463063.webp","v2.3","ad-1463063","050_099","0","0.14","other_or_unclear","","insufficient_information","","high","False","3525","239","3764","2816","0","Consumer Tech;Image","","0.5454545454545455","1.7272727272727275","0.1818181818181818","0.0","0.0","0.0","0.1818181818181818","4.181818181818182","11","0","D"
"1463071","data/chi-bad-ads-data-main/screenshots/1463071.webp","v2.3","ad-1463071","050_099","0","0.05","other_or_unclear","","insufficient_information","","high","False","3522","194","3716","2816","0","Google Responsive;Public Relations","","1.3","0.6","0.1","0.0","0.0","0.0","0.8","3.1","10","1","P"
"1463090","data/chi-bad-ads-data-main/screenshots/1463090.webp","v2.3","ad-1463090","050_099","1","0.78","financial_or_business_opportunity","misleading_advertising","financial_return_or_investment_risk_claim|objective_claim_requires_substantiation|missing_material_information","3.1|3.3|3.7|14.1|14.4","medium","True","3503","253","3756","2816","0","Image;Investment Pitch","finance","1.2727272727272727","0.9090909090909092","0.2727272727272727","0.1818181818181818","0.0","0.0","0.3636363636363637","3.727272727272727","11","4","G"
"1463103","data/chi-bad-ads-data-main/screenshots/1463103.webp","v2.3","ad-1463103","050_099","1","0.76","recognition_of_advertising","misleading_advertising","unclear_or_hidden_commercial_intent|cross_modal_mismatch|missing_material_information","2.1|2.4|3.1|3.3","medium","True","3479","236","3715","2816","0","Decoy;Google Responsive;Software Download","","1.9090909090909087","0.1818181818181818","0.3636363636363637","0.6363636363636364","0.0909090909090909","0.0","0.4545454545454545","2.4545454545454546","11","4","U"
"1463122","data/chi-bad-ads-data-main/screenshots/1463122.webp","v2.3","ad-1463122","050_099","0","0.18","recognition_of_advertising","","unclear_or_hidden_commercial_intent|insufficient_information","2.1|2.4","high","False","3525","214","3739","2816","0","Household Products;Native;Sponsored Search","","0.9","0.7000000000000001","0.4","0.2","0.0","0.0","0.1","3.3","10","0","L"
"1463140","data/chi-bad-ads-data-main/screenshots/1463140.webp","v2.3","ad-1463140","050_099","0","0.23","other_or_unclear","recognition_of_advertising","insufficient_information","2.1","medium","False","3525","203","3728","2816","0","Advertorial;Consumer Tech;Native","","0.6","1.8","0.2","0.0","0.1","0.0","0.0","4.6","10","4","G"
"1463160","data/chi-bad-ads-data-main/screenshots/1463160.webp","v2.3","ad-1463160","050_099","1","0.72","recognition_of_advertising","misleading_advertising","unclear_or_hidden_commercial_intent|cross_modal_mismatch","2.1|2.3|2.4|3.1|3.3","medium","True","3651","260","3911","2816","0","Advertorial;Native;Software Download","","1.6","0.3","0.4","0.2","0.2","0.0","0.2","2.7","10","1","Q"
"1463163","data/chi-bad-ads-data-main/screenshots/1463163.webp","v2.3","ad-1463163","050_099","0","0.18","other_or_unclear","","insufficient_information","","high","False","3651","185","3836","2816","0","Games and Toys;Native","","1.1","1.5","0.4","0.2","0.2","0.0","0.0","3.9","10","4","G"
"1463224","data/chi-bad-ads-data-main/screenshots/1463224.webp","v2.3","ad-1463224","050_099","1","0.78","recognition_of_advertising","misleading_advertising|harm_or_offence","unclear_or_hidden_commercial_intent|fear_distress_or_shock_tactic|cross_modal_mismatch","2.1|2.3|2.4|3.1|4.2","medium","True","3771","283","4054","2816","0","Image;Political Content;Political Poll","","1.5","0.7000000000000001","0.6","0.2","0.5","0.1","0.0","2.3","10","1","M"
"1463250","data/chi-bad-ads-data-main/screenshots/1463250.webp","v2.3","ad-1463250","050_099","1","0.54","financial_or_business_opportunity","","misleading_price_or_offer|insufficient_information","3.1|3.3|3.17","medium","True","3512","231","3743","2816","0","B2B Products;Image","","1.1","0.4","0.2","0.1","0.1","0.0","0.2","3.2","10","1","Q"
"1463254","data/chi-bad-ads-data-main/screenshots/1463254.webp","v2.3","ad-1463254","050_099","0","0.14","other_or_unclear","","insufficient_information","","low","False","3810","202","4012","2816","0","B2B Products;Google Responsive","","0.8181818181818183","1.0","0.0909090909090909","0.0909090909090909","0.0909090909090909","0.0","0.3636363636363637","3.8181818181818175","11","3","I"
"1463277","data/chi-bad-ads-data-main/screenshots/1463277.webp","v2.3","ad-1463277","050_099","0","0.18","other_or_unclear","","objective_claim_requires_substantiation","3.7","high","False","3771","226","3997","2816","0","Household Products;Image","","0.4","1.2","0.1","0.0","0.1","0.0","0.2","4.5","10","2","D"
"1463290","data/chi-bad-ads-data-main/screenshots/1463290.webp","v2.3","ad-1463290","050_099","0","0.12","other_or_unclear","","insufficient_information","","low","False","3527","214","3741","2816","0","Image;Journalism;Political Content;Self-Link","","0.8","1.5","0.0","0.0","0.0","0.0","0.8","4.1","10","2","E"
"1463328","data/chi-bad-ads-data-main/screenshots/1463328.webp","v2.3","ad-1463328","050_099","1","0.68","misleading_advertising","harm_or_offence","fear_distress_or_shock_tactic|insufficient_information","3.1|3.3|4.2","medium","True","3647","227","3874","2816","0","Advertorial;Household Products;Image","","1.1","0.6","0.6","0.2","0.1","0.0","0.1","3.2","10","2","G"
"1463396","data/chi-bad-ads-data-main/screenshots/1463396.webp","v2.3","ad-1463396","050_099","0","0.21","other_or_unclear","","insufficient_information","","high","False","3515","196","3711","2816","0","Entertainment;Image","","0.8181818181818182","1.090909090909091","0.0909090909090909","0.2727272727272727","0.0909090909090909","0.0","0.0909090909090909","3.363636363636364","11","2","I"
"1463461","data/chi-bad-ads-data-main/screenshots/1463461.webp","v2.3","ad-1463461","050_099","1","0.58","misleading_advertising","recognition_of_advertising","objective_claim_requires_substantiation|cross_modal_mismatch","3.1|3.7|2.1","medium","True","3503","232","3735","2816","0","Image;Journalism;Self-Link","","0.4","2.1","0.1","0.2","0.0","0.0","0.1","4.5","10","1","D"
"1463480","data/chi-bad-ads-data-main/screenshots/1463480.webp","v2.3","ad-1463480","050_099","0","0.12","other_or_unclear","","insufficient_information","","high","False","3503","210","3713","2816","0","Image;Scientific Journal;Self-Link","","0.7","1.6","0.1","0.0","0.1","0.0","0.5","3.9","10","2","D"
"1463487","data/chi-bad-ads-data-main/screenshots/1463487.webp","v2.3","ad-1463487","050_099","1","0.72","recognition_of_advertising","misleading_advertising","unclear_or_hidden_commercial_intent|cross_modal_mismatch|insufficient_information","2.1|2.3|2.4|3.1|3.3","medium","True","3503","251","3754","2816","0","Image;Scientific Journal;Self-Link","","0.2","1.1","0.0","0.0","0.0","0.0","0.2","4.1","10","1","D"
"1463520","data/chi-bad-ads-data-main/screenshots/1463520.webp","v2.3","ad-1463520","050_099","0","0.12","other_or_unclear","","insufficient_information","","high","False","3503","195","3698","2816","0","Entertainment;Image","","0.2","2.4","0.0","0.0","0.0","0.0","0.2","5.4","10","5","A"
"1463524","data/chi-bad-ads-data-main/screenshots/1463524.webp","v2.3","ad-1463524","050_099","0","0.18","other_or_unclear","","insufficient_information","","high","False","3531","204","3735","2816","0","Image;Public Relations","","0.2","2.2","0.0","0.0","0.0","0.0","0.1","5.0","10","1","D"
"1463536","data/chi-bad-ads-data-main/screenshots/1463536.webp","v2.3","ad-1463536","050_099","0","0.18","other_or_unclear","","objective_claim_requires_substantiation","","high","False","3561","211","3772","2816","0","Household Products;Image","","0.2","1.6","0.1","0.0","0.0","0.0","0.0","4.6","10","1","D"
"1463579","data/chi-bad-ads-data-main/screenshots/1463579.webp","v2.3","ad-1463579","050_099","0","0.12","other_or_unclear","","insufficient_information","","high","False","3613","185","3798","2816","0","Household Products;Image","","0.4","1.5","0.1","0.0","0.0","0.0","0.3","4.1","10","3","D"
"1463581","data/chi-bad-ads-data-main/screenshots/1463581.webp","v2.3","ad-1463581","050_099","1","0.72","health_medical_or_wellbeing_claim","misleading_advertising|recognition_of_advertising","health_cure_prevention_or_weight_loss_claim|unclear_or_hidden_commercial_intent|missing_material_information","2.1|2.4|3.1|3.3|3.9|12|15.1|15.6","medium","True","3719","269","3988","2816","0","Advertorial;Health and Supplements;Native","health","2.090909090909091","0.1818181818181818","0.6363636363636364","0.2727272727272727","0.1818181818181818","0.1818181818181818","0.0909090909090909","2.272727272727273","11","1","U"
"1463746","data/chi-bad-ads-data-main/screenshots/1463746.webp","v2.3","ad-1463746","050_099","0","0.11","other_or_unclear","","insufficient_information","","high","False","3659","213","3872","2816","0","Cars;Image","","0.25","1.3333333333333333","0.0833333333333333","0.0","0.0833333333333333","0.0","0.0833333333333333","3.9166666666666665","12","0","D"
"1463748","data/chi-bad-ads-data-main/screenshots/1463748.webp","v2.3","ad-1463748","050_099","0","0.14","other_or_unclear","","insufficient_information","","high","False","3871","205","4076","2816","0","Cars;Image","","0.1","1.1","0.0","0.0","0.0","0.0","0.0","4.2","10","0","D"
"1463775","data/chi-bad-ads-data-main/screenshots/1463775.webp","v2.3","ad-1463775","050_099","1","0.58","financial_or_business_opportunity","misleading_advertising|recognition_of_advertising","cross_modal_mismatch|missing_material_information|objective_claim_requires_substantiation","3.1|3.3|3.7|14.1|14.2|20.1","medium","True","3755","302","4057","2816","0","Image;Mortgages","","2.0","0.1","0.4","0.4","0.3","0.0","0.1","2.1","10","0","Q"
"1463782","data/chi-bad-ads-data-main/screenshots/1463782.webp","v2.3","ad-1463782","050_099","0","0.12","other_or_unclear","","insufficient_information","","high","False","3817","193","4010","2816","0","Consumer Tech;Image","","0.5454545454545455","1.6363636363636365","0.0909090909090909","0.0","0.0","0.0","0.1818181818181818","4.727272727272728","11","1","D"
"1463785","data/chi-bad-ads-data-main/screenshots/1463785.webp","v2.3","ad-1463785","050_099","0","0.12","other_or_unclear","recognition_of_advertising","insufficient_information","2.1","high","False","3551","210","3761","2816","0","Apparel;Image","","1.0","0.6","0.0","0.0","0.0","0.2","0.6","3.3","10","1","I"
"1463794","data/chi-bad-ads-data-main/screenshots/1463794.webp","v2.3","ad-1463794","050_099","1","0.57","misleading_advertising","recognition_of_advertising","missing_material_information|objective_claim_requires_substantiation|unclear_or_hidden_commercial_intent","3.1|3.3|3.7|2.1","medium","True","3635","291","3926","2816","0","B2B Products;Computer Security-related;Image","","2.0","0.6000000000000001","0.7","0.7","0.2","0.0","0.2","3.0","10","3","L"
"1463806","data/chi-bad-ads-data-main/screenshots/1463806.webp","v2.3","ad-1463806","050_099","0","0.12","other_or_unclear","","insufficient_information","","high","False","3635","183","3818","2816","0","B2B Products;Image","","1.1","0.8","0.1","0.0","0.1","0.1","0.4","3.4","10","2","I"
"1463810","data/chi-bad-ads-data-main/screenshots/1463810.webp","v2.3","ad-1463810","050_099","1","0.47","financial_or_business_opportunity","misleading_advertising","objective_claim_requires_substantiation|insufficient_information","3.1|3.7|3.11","medium","True","3489","222","3711","2816","0","B2B Products;Computer Security-related;Image","","0.9166666666666666","0.8333333333333334","0.0","0.25","0.0833333333333333","0.0","0.5","3.583333333333333","12","1","I"
"1463816","data/chi-bad-ads-data-main/screenshots/1463816.webp","v2.3","ad-1463816","050_099","1","0.54","recognition_of_advertising","misleading_advertising","insufficient_information|objective_claim_requires_substantiation","2.1|2.4|3.1|3.7","medium","True","3551","262","3813","2816","0","B2B Products;Image","","0.4545454545454546","2.0","0.0","0.0","0.0","0.0","0.2727272727272727","4.363636363636363","11","1","D"
"1463837","data/chi-bad-ads-data-main/screenshots/1463837.webp","v2.3","ad-1463837","050_099","1","0.58","misleading_advertising","recognition_of_advertising","unclear_or_hidden_commercial_intent|missing_material_information|objective_claim_requires_substantiation","2.1|2.4|3.1|3.3|3.7|3.9","medium","True","3651","251","3902","2816","0","Food and Drink;Native;Sponsored Search","","1.6","1.4","0.4","0.3","0.5","0.0","0.0","4.3","10","1","G"
"1463844","data/chi-bad-ads-data-main/screenshots/1463844.webp","v2.3","ad-1463844","050_099","1","0.69","recognition_of_advertising","misleading_advertising","unclear_or_hidden_commercial_intent|cross_modal_mismatch|missing_material_information","2.1|2.3|2.4|3.1|3.3|3.5","medium","True","3704","271","3975","2816","0","Decoy;Image;Public Records Service","","1.9090909090909087","0.1818181818181818","0.4545454545454545","0.7272727272727273","0.1818181818181818","0.0","0.1818181818181818","2.4545454545454546","11","1","U"
"1463875","data/chi-bad-ads-data-main/screenshots/1463875.webp","v2.3","ad-1463875","050_099","1","0.62","misleading_advertising","recognition_of_advertising","objective_claim_requires_substantiation|unclear_or_hidden_commercial_intent","2.1|3.1|3.7","medium","True","3525","253","3778","2816","0","Advertorial;Genealogy;Native","","1.6","0.5","0.5","0.4","0.1","0.3","0.1","2.4","10","1","R"
"1463883","data/chi-bad-ads-data-main/screenshots/1463883.webp","v2.3","ad-1463883","050_099","0","0.2","other_or_unclear","","insufficient_information","","high","False","3497","196","3693","2816","0","B2B Products;Computer Security-related;Google Responsive","","1.7","0.3","0.6","0.3","0.0","0.1","0.3","2.5","10","2","U"
"1463885","data/chi-bad-ads-data-main/screenshots/1463885.webp","v2.3","ad-1463885","050_099","1","0.79","health_medical_or_wellbeing_claim","misleading_advertising","health_cure_prevention_or_weight_loss_claim|objective_claim_requires_substantiation|missing_material_information","12|15.1|3.1|3.3|3.7","medium","True","3536","255","3791","2816","0","Advertorial;Health and Supplements;Native","health","1.3","0.6000000000000001","0.4","0.2","0.3","0.2","0.1","3.0","10","1","R"
"1463887","data/chi-bad-ads-data-main/screenshots/1463887.webp","v2.3","ad-1463887","050_099","1","0.58","misleading_advertising","health_medical_or_wellbeing_claim","objective_claim_requires_substantiation|misleading_price_or_offer|insufficient_information","3.1|3.3|3.7|3.9|3.17|12|15.1","medium","True","3651","259","3910","2816","0","COVID Products;Native","","1.1","1.7000000000000002","0.4","0.4","0.1","0.1","0.0","4.4","10","0","G"
"1463888","data/chi-bad-ads-data-main/screenshots/1463888.webp","v2.3","ad-1463888","100_149","0","0.22","other_or_unclear","","insufficient_information","","high","False","3536","199","3735","0","0","Cars;Native;Sponsored Search","","0.9","1.9","0.5","0.1","0.2","0.0","0.0","4.6","10","0","G"
"1463899","data/chi-bad-ads-data-main/screenshots/1463899.webp","v2.3","ad-1463899","100_149","0","0.13","other_or_unclear","recognition_of_advertising","insufficient_information","2.1","high","False","3651","192","3843","2816","0","Native;Software Download","","0.2","2.1","0.0","0.0","0.0","0.0","0.0","4.5","10","1","D"
"1463931","data/chi-bad-ads-data-main/screenshots/1463931.webp","v2.3","ad-1463931","100_149","0","0.18","other_or_unclear","","insufficient_information","","high","False","3503","178","3681","2816","0","COVID Products;Image","","0.4","1.4","0.0","0.0","0.1","0.0","0.1","5.1","10","3","D"
"1463952","data/chi-bad-ads-data-main/screenshots/1463952.webp","v2.3","ad-1463952","100_149","0","0.12","other_or_unclear","recognition_of_advertising","insufficient_information","2.1","high","False","4077","212","4289","0","0","B2B Products;Image","","1.0","1.3","0.0","0.0","0.0","0.0","0.6","4.2","10","0","I"
"1463954","data/chi-bad-ads-data-main/screenshots/1463954.webp","v2.3","ad-1463954","100_149","0","0.18","other_or_unclear","","insufficient_information","","medium","False","3536","231","3767","2816","0","Entertainment;Image;Political Content","","0.9","1.5","0.1","0.2","0.2","0.2","0.1","3.8","10","2","M"
"1463962","data/chi-bad-ads-data-main/screenshots/1463962.webp","v2.3","ad-1463962","100_149","0","0.18","other_or_unclear","","insufficient_information","","high","False","3503","205","3708","2816","0","Apparel;Google Responsive","","0.5","1.1","0.1","0.0","0.0","0.0","0.3","3.5","10","2","I"
"1463986","data/chi-bad-ads-data-main/screenshots/1463986.webp","v2.3","ad-1463986","100_149","1","0.56","misleading_advertising","recognition_of_advertising","objective_claim_requires_substantiation|unclear_or_hidden_commercial_intent","3.1|3.7|2.1","medium","True","3529","242","3771","2816","0","B2B Products;Computer Security-related;Image","","0.9","0.5","0.1","0.2","0.0","0.0","0.6","3.2","10","1","I"
"1464003","data/chi-bad-ads-data-main/screenshots/1464003.webp","v2.3","ad-1464003","100_149","1","0.5","recognition_of_advertising","misleading_advertising","unclear_or_hidden_commercial_intent|insufficient_information","2.1|2.4|3.1|3.3","medium","True","3623","242","3865","2816","0","Google Responsive;Political Campaign;Political Poll","","1.4","0.5","0.6","0.2","0.1","0.0","0.1","2.6","10","1","S"
"1464094","data/chi-bad-ads-data-main/screenshots/1464094.webp","v2.3","ad-1464094","100_149","1","0.67","recognition_of_advertising","misleading_advertising","unclear_or_hidden_commercial_intent|cross_modal_mismatch","2.1|2.4|3.1","medium","True","3665","238","3903","0","0","Image;Journalism;Self-Link","","0.6","1.4","0.2","0.0","0.0","0.0","0.1","4.5","10","1","D"
"1464256","data/chi-bad-ads-data-main/screenshots/1464256.webp","v2.3","ad-1464256","100_149","1","0.62","misleading_advertising","recognition_of_advertising","cross_modal_mismatch|unclear_or_hidden_commercial_intent|objective_claim_requires_substantiation","3.1|3.7|2.1|2.3|2.4","medium","True","3515","289","3804","2816","0","Health and Supplements;Image","health","0.2","2.0","0.0","0.0","0.0","0.0","0.0","4.7","10","0","D"
"1464410","data/chi-bad-ads-data-main/screenshots/1464410.webp","v2.3","ad-1464410","100_149","1","0.42","recognition_of_advertising","misleading_advertising","unclear_or_hidden_commercial_intent|cross_modal_mismatch|insufficient_information","2.1|2.4|3.1|3.3","medium","True","3561","276","3837","2816","0","B2B Products;Google Responsive","","1.4","0.4","0.1","0.1","0.1","0.0","0.5","2.8","10","2","P"
"1464504","data/chi-bad-ads-data-main/screenshots/1464504.webp","v2.3","ad-1464504","100_149","0","0.08","other_or_unclear","","insufficient_information","","high","False","3503","200","3703","2816","0","B2B Products;Image","","1.7","0.2","0.3","0.2","0.0","0.1","0.9","3.3","10","4","P"
"1464534","data/chi-bad-ads-data-main/screenshots/1464534.webp","v2.3","ad-1464534","100_149","0","0.12","other_or_unclear","","insufficient_information","","high","False","3871","190","4061","2816","0","Apparel;Image;Sports","","0.4545454545454545","1.6363636363636365","0.0","0.0","0.0","0.0","0.4545454545454545","4.909090909090909","11","1","E"
"1464539","data/chi-bad-ads-data-main/screenshots/1464539.webp","v2.3","ad-1464539","100_149","0","0.12","other_or_unclear","","insufficient_information","","high","False","3503","188","3691","2816","0","Computer Security-related;Image;Software Download","","1.3","1.1","0.1","0.3","0.2","0.1","0.4","3.8","10","1","I"
"1464542","data/chi-bad-ads-data-main/screenshots/1464542.webp","v2.3","ad-1464542","100_149","1","0.78","financial_or_business_opportunity","misleading_advertising","financial_return_or_investment_risk_claim|missing_material_information|objective_claim_requires_substantiation","14.1|14.2|14.4|3.1|3.3|3.7","medium","True","3489","286","3775","2816","0","Image;Mortgages","","2.6","0.5","0.7","0.7","0.3","0.0","0.0","2.0","10","2","Q"
"1464567","data/chi-bad-ads-data-main/screenshots/1464567.webp","v2.3","ad-1464567","100_149","0","0.12","other_or_unclear","","insufficient_information","","low","False","3536","184","3720","2816","0","B2B Products;Image","","0.6","1.4","0.1","0.0","0.0","0.0","0.3","3.9","10","1","D"
"1464590","data/chi-bad-ads-data-main/screenshots/1464590.webp","v2.3","ad-1464590","100_149","0","0.15","other_or_unclear","","insufficient_information","","high","False","3489","188","3677","2816","0","B2B Products;Google Responsive","","0.3","1.4","0.1","0.0","0.0","0.0","0.1","4.6","10","0","D"
"1464597","data/chi-bad-ads-data-main/screenshots/1464597.webp","v2.3","ad-1464597","100_149","1","0.61","recognition_of_advertising","misleading_advertising","unclear_or_hidden_commercial_intent|cross_modal_mismatch|insufficient_information","2.1|2.3|2.4|3.1|3.3","medium","True","3443","259","3702","2816","0","Senior Living;Sponsored Content","","0.8181818181818183","1.6363636363636362","0.1818181818181818","0.0","0.0909090909090909","0.0","0.1818181818181818","3.8181818181818175","11","1","D"
"1464648","data/chi-bad-ads-data-main/screenshots/1464648.webp","v2.3","ad-1464648","100_149","1","0.48","health_medical_or_wellbeing_claim","misleading_advertising","insufficient_information|objective_claim_requires_substantiation","12|15.1|3.1|3.7","medium","True","3871","266","4137","2816","0","Image;Recreational Drugs","","0.7272727272727274","0.8181818181818181","0.0","0.1818181818181818","0.3636363636363637","0.1818181818181818","0.0","2.636363636363636","11","0","N"
"1464649","data/chi-bad-ads-data-main/screenshots/1464649.webp","v2.3","ad-1464649","100_149","0","0.12","other_or_unclear","","insufficient_information","","high","False","3503","178","3681","2816","0","B2B Products;Image","","0.7000000000000001","1.7000000000000002","0.1","0.0","0.2","0.0","0.0","3.7","10","2","D"
"1464747","data/chi-bad-ads-data-main/screenshots/1464747.webp","v2.3","ad-1464747","100_149","1","0.66","recognition_of_advertising","misleading_advertising","unclear_or_hidden_commercial_intent|cross_modal_mismatch","2.1|2.3|2.4|3.1|3.3","medium","True","3635","281","3916","2816","0","Image;Journalism;Self-Link","","1.2","0.6","0.1","0.3","0.3","0.1","0.0","3.0","10","1","M"
"1464751","data/chi-bad-ads-data-main/screenshots/1464751.webp","v2.3","ad-1464751","100_149","1","0.52","misleading_advertising","","objective_claim_requires_substantiation|insufficient_information","3.1|3.7","medium","True","3503","276","3779","0","0","Apparel;Image","","0.6000000000000001","1.5","0.0","0.0","0.1","0.0","0.1","3.5","10","4","D"
"1464793","data/chi-bad-ads-data-main/screenshots/1464793.webp","v2.3","ad-1464793","100_149","0","0.18","other_or_unclear","","insufficient_information","","high","False","3539","223","3762","2816","0","Image;Journalism;Self-Link","","0.9","0.7","0.1","0.0","0.1","0.0","0.4","3.9","10","0","I"
"1464809","data/chi-bad-ads-data-main/screenshots/1464809.webp","v2.3","ad-1464809","100_149","0","0.12","other_or_unclear","","insufficient_information","","high","False","3539","209","3748","2816","0","Image;Real Estate","","0.4","1.3","0.0","0.1","0.0","0.0","0.0","4.5","10","0","D"
"1464850","data/chi-bad-ads-data-main/screenshots/1464850.webp","v2.3","ad-1464850","100_149","1","0.55","recognition_of_advertising","misleading_advertising","unclear_or_hidden_commercial_intent","2.1|2.4","medium","True","3666","237","3903","2816","0","Human Interest;Listicle;Native","","0.8","1.7","0.4","0.2","0.1","0.0","0.0","4.8","10","4","G"
"1464894","data/chi-bad-ads-data-main/screenshots/1464894.webp","v2.3","ad-1464894","100_149","1","0.68","recognition_of_advertising","misleading_advertising|other_or_unclear","unclear_or_hidden_commercial_intent|cross_modal_mismatch|insufficient_information","2.1|2.3|2.4|3.1","medium","True","3503","263","3766","2816","0","Google Responsive;Political Campaign;Political Poll","","2.1818181818181817","0.1818181818181818","0.3636363636363637","0.5454545454545454","0.4545454545454545","0.2727272727272727","0.1818181818181818","2.363636363636364","11","1","T"
"1464906","data/chi-bad-ads-data-main/screenshots/1464906.webp","v2.3","ad-1464906","100_149","0","0.18","other_or_unclear","","insufficient_information","","low","False","3493","209","3702","2816","0","Human Interest;Listicle;Native","","2.5","0.6","0.6","0.5","0.5","0.5","0.1","2.7","10","3","R"
"1464988","data/chi-bad-ads-data-main/screenshots/1464988.webp","v2.3","ad-1464988","100_149","1","0.58","recognition_of_advertising","misleading_advertising","unclear_or_hidden_commercial_intent|objective_claim_requires_substantiation","2.1|2.3|3.1|3.7","medium","True","3518","255","3773","2816","0","Google Responsive;Software Download","","1.1818181818181817","0.2727272727272727","0.0","0.4545454545454545","0.0","0.0","0.2727272727272727","2.363636363636364","11","5","L"
"1464995","data/chi-bad-ads-data-main/screenshots/1464995.webp","v2.3","ad-1464995","100_149","1","0.61","misleading_advertising","recognition_of_advertising","exaggerated_capability_or_performance|cross_modal_mismatch","3.1|3.11|2.1","medium","True","3871","227","4098","2816","0","Advertorial;Entertainment;Google Responsive","","0.3","1.2","0.1","0.0","0.0","0.0","0.2","4.3","10","3","D"
"1465007","data/chi-bad-ads-data-main/screenshots/1465007.webp","v2.3","ad-1465007","100_149","0","0.13","other_or_unclear","","objective_claim_requires_substantiation","3.7","high","False","3785","225","4010","2816","0","B2B Products;Banking/Credit Cards;Image","finance","0.2","1.6","0.0","0.0","0.0","0.0","0.1","4.2","10","0","D"
"1465015","data/chi-bad-ads-data-main/screenshots/1465015.webp","v2.3","ad-1465015","100_149","0","0.12","other_or_unclear","","insufficient_information","","high","False","3613","187","3800","2816","0","Beauty Products;Image","health","0.6363636363636365","1.909090909090909","0.2727272727272727","0.0","0.0","0.0","0.3636363636363637","5.2727272727272725","11","4","D"
"1465019","data/chi-bad-ads-data-main/screenshots/1465019.webp","v2.3","ad-1465019","100_149","0","0.12","other_or_unclear","misleading_advertising","insufficient_information","3.1","medium","False","3680","218","3898","2816","0","Beauty Products;Image","health","0.5","1.4","0.0","0.1","0.0","0.0","0.4","4.5","10","0","D"
"1465095","data/chi-bad-ads-data-main/screenshots/1465095.webp","v2.3","ad-1465095","100_149","1","0.78","health_medical_or_wellbeing_claim","misleading_advertising","health_cure_prevention_or_weight_loss_claim|missing_material_information|objective_claim_requires_substantiation","12|15.1|3.1|3.3|3.7|3.9|3.10","medium","True","3525","272","3797","2816","0","Image;Medical Services and Prescriptions","health","1.1","0.2","0.0","0.1","0.1","0.0","0.3","2.6","10","0","P"
"1465103","data/chi-bad-ads-data-main/screenshots/1465103.webp","v2.3","ad-1465103","100_149","1","0.64","financial_or_business_opportunity","misleading_advertising","unclear_or_hidden_commercial_intent|missing_material_information","2.1|2.4|3.1|3.3|14.1|14.2","medium","True","3635","245","3880","2816","0","Google Responsive;Mortgages","","0.7","0.8999999999999999","0.2","0.0","0.1","0.1","0.3","4.4","10","3","I"
"1465106","data/chi-bad-ads-data-main/screenshots/1465106.webp","v2.3","ad-1465106","100_149","1","0.56","financial_or_business_opportunity","misleading_advertising","objective_claim_requires_substantiation|insufficient_information","3.1|3.7|14.1|14.4","medium","True","3467","263","3730","0","0","Google Responsive;Investment Pitch","finance","1.8","0.3","0.4","0.5","0.2","0.0","0.2","2.9","10","0","Q"
"1465132","data/chi-bad-ads-data-main/screenshots/1465132.webp","v2.3","ad-1465132","100_149","1","0.62","misleading_advertising","financial_or_business_opportunity","misleading_price_or_offer|missing_material_information|objective_claim_requires_substantiation","3.1|3.3|3.7|3.9|3.17","medium","True","3635","270","3905","2816","0","Household Products;Image","","1.3","1.0","0.3","0.1","0.1","0.0","0.4","3.3","10","1","Q"
"1465162","data/chi-bad-ads-data-main/screenshots/1465162.webp","v2.3","ad-1465162","100_149","1","0.53","misleading_advertising","recognition_of_advertising","objective_claim_requires_substantiation|misleading_price_or_offer","3.1|3.7|3.17|2.1","medium","True","3489","229","3718","2816","0","Computer Security-related;Google Responsive;Software Download","","1.8","0.2","0.3","0.7","0.1","0.0","0.2","2.1","10","0","U"
"1465218","data/chi-bad-ads-data-main/screenshots/1465218.webp","v2.3","ad-1465218","100_149","1","0.44","misleading_advertising","recognition_of_advertising","cross_modal_mismatch|insufficient_information","3.1|3.3|2.1","medium","True","3482","235","3717","2816","0","Human Interest;Listicle;Native","","2.8","0.1","0.9","0.6","0.3","0.1","0.4","1.8","10","1","U"
"1465219","data/chi-bad-ads-data-main/screenshots/1465219.webp","v2.3","ad-1465219","100_149","0","0.08","other_or_unclear","","insufficient_information","","high","False","3579","208","3787","2816","0","Entertainment;Image;Self-Link","","1.0","2.4","0.2","0.1","0.1","0.0","0.2","4.7","10","1","G"
"1465270","data/chi-bad-ads-data-main/screenshots/1465270.webp","v2.3","ad-1465270","100_149","0","0.18","other_or_unclear","","insufficient_information","","high","False","3515","195","3710","2816","0","Image;Journalism;Self-Link","","0.4","1.1","0.1","0.1","0.2","0.0","0.0","4.2","10","0","G"
"1465330","data/chi-bad-ads-data-main/screenshots/1465330.webp","v2.3","ad-1465330","100_149","1","0.72","financial_or_business_opportunity","misleading_advertising|recognition_of_advertising","earnings_or_business_opportunity_claim|exaggerated_capability_or_performance|missing_material_information","3.1|3.3|3.11|20.7|20.8|2.1","medium","True","3531","295","3826","2816","0","Employment;Image","employment","1.6","0.2","0.3","0.2","0.1","0.0","0.3","2.9","10","1","Q"
"1465363","data/chi-bad-ads-data-main/screenshots/1465363.webp","v2.3","ad-1465363","100_149","1","0.93","health_medical_or_wellbeing_claim","misleading_advertising","health_cure_prevention_or_weight_loss_claim|objective_claim_requires_substantiation","12|13.8|13.9|15.1|3.1|3.7|3.11","high","True","3465","240","3705","2816","0","Health and Supplements;Native","health","2.1","0.2","0.7","0.6","0.3","0.0","0.1","2.6","10","1","U"
"1465380","data/chi-bad-ads-data-main/screenshots/1465380.webp","v2.3","ad-1465380","100_149","1","0.52","misleading_advertising","recognition_of_advertising","missing_material_information|unclear_or_hidden_commercial_intent","3.1|3.3|3.9|2.1|2.4","medium","True","3923","249","4172","2816","0","Google Responsive;Software Download","","1.4","0.8","0.6","0.3","0.0","0.0","0.2","2.9","10","1","L"
"1465385","data/chi-bad-ads-data-main/screenshots/1465385.webp","v2.3","ad-1465385","100_149","0","0.12","other_or_unclear","","insufficient_information","","high","False","3655","200","3855","2816","0","Apparel;Image","","0.5","0.9","0.0","0.1","0.0","0.0","0.3","3.9","10","2","I"
"1465472","data/chi-bad-ads-data-main/screenshots/1465472.webp","v2.3","ad-1465472","100_149","1","0.42","misleading_advertising","recognition_of_advertising","unclear_or_hidden_commercial_intent|objective_claim_requires_substantiation","2.1|3.1|3.7","medium","True","3536","245","3781","2816","0","COVID Products;Native","","1.0","1.3","0.3","0.3","0.1","0.0","0.0","3.9","10","3","G"
"1465493","data/chi-bad-ads-data-main/screenshots/1465493.webp","v2.3","ad-1465493","100_149","0","0.18","other_or_unclear","recognition_of_advertising","insufficient_information","2.1","high","False","3521","239","3760","2816","0","Image;Religious;Self-Link","","0.4545454545454546","1.3636363636363638","0.0909090909090909","0.0","0.1818181818181818","0.0","0.1818181818181818","3.363636363636364","11","0","I"
"1465524","data/chi-bad-ads-data-main/screenshots/1465524.webp","v2.3","ad-1465524","100_149","1","0.48","health_medical_or_wellbeing_claim","misleading_advertising","objective_claim_requires_substantiation|missing_material_information","12|15.1|3.1|3.3|3.7","medium","True","3671","280","3951","2816","0","Image;Medical Services and Prescriptions","health","0.3","2.0","0.0","0.1","0.0","0.0","0.1","5.2","10","1","D"
"1465577","data/chi-bad-ads-data-main/screenshots/1465577.webp","v2.3","ad-1465577","100_149","1","0.68","recognition_of_advertising","misleading_advertising","unclear_or_hidden_commercial_intent|cross_modal_mismatch|missing_material_information","2.1|2.3|2.4|3.1|3.3","medium","True","3551","259","3810","2816","0","Advertorial;Cars;Native","","1.6363636363636362","0.5454545454545455","0.5454545454545454","0.6363636363636364","0.0","0.0","0.1818181818181818","2.909090909090909","11","4","L"
"1465628","data/chi-bad-ads-data-main/screenshots/1465628.webp","v2.3","ad-1465628","100_149","1","0.58","financial_or_business_opportunity","misleading_advertising","earnings_or_business_opportunity_claim|missing_material_information","14.1|14.2|20.1|20.7|20.8|3.3|3.9","medium","True","3584","277","3861","2816","0","Education;Image","","1.6","0.4","0.4","0.2","0.1","0.0","0.2","3.3","10","1","Q"
"1465660","data/chi-bad-ads-data-main/screenshots/1465660.webp","v2.3","ad-1465660","100_149","0","0.22","other_or_unclear","misleading_advertising","insufficient_information","","high","False","3923","210","4133","2816","0","Consumer Tech;Google Responsive","","1.0","2.3","0.3","0.1","0.2","0.0","0.2","4.5","10","2","G"
"1465673","data/chi-bad-ads-data-main/screenshots/1465673.webp","v2.3","ad-1465673","150_199","1","0.82","financial_or_business_opportunity","misleading_advertising","misleading_price_or_offer|objective_claim_requires_substantiation|missing_material_information|earnings_or_business_opportunity_claim","3.1|3.3|3.7|3.9|3.11|20.7|20.8","medium","True","3635","278","3913","2816","0","Contest;Image","","2.4","0.3","0.9","0.7","0.3","0.1","0.1","1.7","10","2","U"
"1465703","data/chi-bad-ads-data-main/screenshots/1465703.webp","v2.3","ad-1465703","150_199","0","0.11","other_or_unclear","","insufficient_information","","high","False","3923","201","4124","3328","0","Cars;Image","","0.1","1.9","0.0","0.0","0.0","0.0","0.1","5.1","10","2","D"
"1465714","data/chi-bad-ads-data-main/screenshots/1465714.webp","v2.3","ad-1465714","150_199","1","0.48","misleading_advertising","","objective_claim_requires_substantiation","3.1|3.7","medium","True","3665","237","3902","2816","0","B2B Products;Image","","1.0","0.9","0.3","0.2","0.1","0.0","0.1","3.9","10","1","L"
"1465717","data/chi-bad-ads-data-main/screenshots/1465717.webp","v2.3","ad-1465717","150_199","1","0.79","harm_or_offence","recognition_of_advertising|misleading_advertising","fear_distress_or_shock_tactic|unclear_or_hidden_commercial_intent","4.2|2.1|3.1","medium","True","3428","247","3675","3328","0","Entertainment;Listicle;Native","","2.2","0.3","0.9","0.4","0.1","0.2","0.2","2.6","10","1","R"
"1465725","data/chi-bad-ads-data-main/screenshots/1465725.webp","v2.3","ad-1465725","150_199","1","0.92","financial_or_business_opportunity","misleading_advertising","financial_return_or_investment_risk_claim|misleading_price_or_offer|objective_claim_requires_substantiation","14.1|14.2|14.4|3.1|3.3|3.7|3.9|3.10|3.17","medium","True","3923","291","4214","3328","0","Contest;Image","","2.2","0.5","0.8","0.5","0.4","0.2","0.1","2.8","10","1","R"
"1465793","data/chi-bad-ads-data-main/screenshots/1465793.webp","v2.3","ad-1465793","150_199","0","0.19","other_or_unclear","","insufficient_information","","low","False","3435","217","3652","3328","0","Games and Toys;Listicle;Native","","1.8","0.7000000000000001","0.6","0.3","0.1","0.4","0.1","2.9","10","1","R"
"1465811","data/chi-bad-ads-data-main/screenshots/1465811.webp","v2.3","ad-1465811","150_199","0","0.22","other_or_unclear","recognition_of_advertising","insufficient_information","2.1","medium","False","3521","215","3736","3328","0","Health and Supplements;Image;Self-Link;Software Download","health","0.4","1.5","0.1","0.0","0.0","0.0","0.1","4.0","10","4","D"
"1465856","data/chi-bad-ads-data-main/screenshots/1465856.webp","v2.3","ad-1465856","150_199","1","0.45","recognition_of_advertising","misleading_advertising","unclear_or_hidden_commercial_intent|missing_material_information","2.1|2.4|3.1|3.3|3.5","medium","True","3527","254","3781","3328","0","Household Products;Sponsored Content","","0.6000000000000001","1.3","0.2","0.0","0.1","0.1","0.0","4.5","10","3","G"
"1465887","data/chi-bad-ads-data-main/screenshots/1465887.webp","v2.3","ad-1465887","150_199","0","0.08","other_or_unclear","recognition_of_advertising","insufficient_information","","high","False","3613","195","3808","3328","0","Computer Security-related;Image;Software Download","","1.6363636363636365","1.0","0.2727272727272727","0.2727272727272727","0.1818181818181818","0.0","0.3636363636363637","3.727272727272727","11","2","L"
"1465912","data/chi-bad-ads-data-main/screenshots/1465912.webp","v2.3","ad-1465912","150_199","1","0.52","financial_or_business_opportunity","misleading_advertising|recognition_of_advertising","missing_material_information|unclear_or_hidden_commercial_intent","20.8|3.3|2.1","medium","True","3819","276","4095","3328","0","B2B Products;Google Responsive","","0.3","1.0","0.1","0.0","0.0","0.0","0.1","4.6","10","1","I"
"1465916","data/chi-bad-ads-data-main/screenshots/1465916.webp","v2.3","ad-1465916","150_199","1","0.72","recognition_of_advertising","misleading_advertising","unclear_or_hidden_commercial_intent|cross_modal_mismatch|missing_material_information","2.1|2.3|2.4|3.1|3.3","medium","True","3635","272","3907","2816","0","Decoy;Image;Software Download","","2.8","0.1","0.6","0.8","0.3","0.0","0.6","1.3","10","2","U"
"1465919","data/chi-bad-ads-data-main/screenshots/1465919.webp","v2.3","ad-1465919","150_199","1","0.58","recognition_of_advertising","misleading_advertising","unclear_or_hidden_commercial_intent|objective_claim_requires_substantiation","2.1|2.3|3.1|3.7","medium","True","3503","280","3783","2816","0","Image;Legal Services","","0.7","1.6","0.3","0.1","0.1","0.0","0.2","4.3","10","0","G"
"1465924","data/chi-bad-ads-data-main/screenshots/1465924.webp","v2.3","ad-1465924","150_199","1","0.62","recognition_of_advertising","misleading_advertising","unclear_or_hidden_commercial_intent|cross_modal_mismatch|missing_material_information","2.1|2.3|2.4|3.1|3.3|3.9","medium","True","3704","296","4000","3328","0","Image;Religious","","1.5","1.1","0.2","0.4","0.4","0.3","0.1","3.6","10","0","M"
"1465925","data/chi-bad-ads-data-main/screenshots/1465925.webp","v2.3","ad-1465925","150_199","0","0.18","other_or_unclear","","insufficient_information","","high","False","3522","218","3740","2816","0","Entertainment;Image;Self-Link","","0.3","1.8","0.1","0.0","0.1","0.0","0.1","5.1","10","0","D"
"1466000","data/chi-bad-ads-data-main/screenshots/1466000.webp","v2.3","ad-1466000","150_199","1","0.76","financial_or_business_opportunity","misleading_advertising","objective_claim_requires_substantiation|missing_material_information","14.1|14.2|3.1|3.3|3.7|3.9","medium","True","3525","268","3793","2816","0","Google Responsive;Legal Services","","1.9","0.2","0.4","0.7","0.3","0.0","0.1","2.7","10","1","U"
"1466065","data/chi-bad-ads-data-main/screenshots/1466065.webp","v2.3","ad-1466065","150_199","0","0.2","other_or_unclear","","insufficient_information","","high","False","3704","215","3919","2816","0","Entertainment;Image","","0.5","1.5","0.1","0.1","0.2","0.0","0.0","4.2","10","2","G"
"1466200","data/chi-bad-ads-data-main/screenshots/1466200.webp","v2.3","ad-1466200","150_199","1","0.62","recognition_of_advertising","misleading_advertising","unclear_or_hidden_commercial_intent|cross_modal_mismatch|missing_material_information","2.1|2.3|2.4|3.1|3.3|3.5|3.9","medium","True","3525","272","3797","2816","0","Decoy;Google Responsive;Software Download","","1.9","0.4","0.5","0.6","0.1","0.1","0.4","2.9","10","2","U"
"1466220","data/chi-bad-ads-data-main/screenshots/1466220.webp","v2.3","ad-1466220","150_199","0","0.18","other_or_unclear","","insufficient_information","","high","False","3515","192","3707","2816","0","B2B Products;Image","","0.4","0.6000000000000001","0.0","0.1","0.0","0.0","0.1","3.9","10","0","I"
"1466222","data/chi-bad-ads-data-main/screenshots/1466222.webp","v2.3","ad-1466222","150_199","0","0.18","other_or_unclear","","insufficient_information","","high","False","3515","206","3721","2816","0","B2B Products;Computer Security-related;Image","","0.3","1.7","0.0","0.0","0.0","0.0","0.3","4.4","10","2","D"
"1466260","data/chi-bad-ads-data-main/screenshots/1466260.webp","v2.3","ad-1466260","150_199","0","0.18","other_or_unclear","recognition_of_advertising","insufficient_information","","high","False","3657","200","3857","0","0","B2B Products;Computer Security-related;Image;Self-Link","","0.3636363636363637","1.6363636363636362","0.0","0.0909090909090909","0.0","0.0","0.0909090909090909","4.454545454545454","11","2","D"
"1466379","data/chi-bad-ads-data-main/screenshots/1466379.webp","v2.3","ad-1466379","150_199","0","0.18","recognition_of_advertising","","insufficient_information","","high","False","3489","209","3698","2816","0","Entertainment;Image","","0.6000000000000001","1.4","0.1","0.0","0.1","0.0","0.2","4.0","10","2","D"
"1466396","data/chi-bad-ads-data-main/screenshots/1466396.webp","v2.3","ad-1466396","150_199","0","0.12","other_or_unclear","","insufficient_information","","high","False","3527","202","3729","2816","0","Image;Software Download","","0.3","1.8","0.2","0.1","0.0","0.0","0.0","4.8","10","0","D"
"1466411","data/chi-bad-ads-data-main/screenshots/1466411.webp","v2.3","ad-1466411","150_199","1","0.72","health_medical_or_wellbeing_claim","misleading_advertising","health_cure_prevention_or_weight_loss_claim|missing_material_information","12|3.1|3.3|3.9","medium","True","3543","256","3799","3328","0","Google Responsive;Medical Services and Prescriptions","health","1.7","0.4","0.5","0.2","0.3","0.2","0.1","3.0","10","0","R"
"1466412","data/chi-bad-ads-data-main/screenshots/1466412.webp","v2.3","ad-1466412","150_199","1","0.82","financial_or_business_opportunity","misleading_advertising","objective_claim_requires_substantiation|missing_material_information|financial_return_or_investment_risk_claim","3.1|3.3|3.7|3.9|14.1|14.2|14.4","medium","True","3750","297","4047","2816","0","Image;Mortgages","","1.3","0.1","0.5","0.3","0.1","0.0","0.0","2.6","10","0","T"
"1466420","data/chi-bad-ads-data-main/screenshots/1466420.webp","v2.3","ad-1466420","150_199","1","0.65","misleading_advertising","recognition_of_advertising","objective_claim_requires_substantiation|cross_modal_mismatch","3.1|3.7|3.11|2.1|2.4","medium","True","3647","259","3906","3328","0","Apparel;Image","","0.4","2.3","0.2","0.0","0.1","0.0","0.0","5.0","10","3","C"
"1466424","data/chi-bad-ads-data-main/screenshots/1466424.webp","v2.3","ad-1466424","150_199","0","0.24","other_or_unclear","","insufficient_information","","low","False","3635","226","3861","2816","0","Consumer Tech;Image","","0.5","1.4","0.0","0.1","0.0","0.0","0.3","4.2","10","4","D"
"1466493","data/chi-bad-ads-data-main/screenshots/1466493.webp","v2.3","ad-1466493","150_199","0","0.12","recognition_of_advertising","","insufficient_information","2.1","high","False","3974","207","4181","3328","0","Image;Medical Services and Prescriptions","health","0.4","2.4","0.0","0.2","0.1","0.0","0.1","4.7","10","3","C"
"1466501","data/chi-bad-ads-data-main/screenshots/1466501.webp","v2.3","ad-1466501","150_199","1","0.72","health_medical_or_wellbeing_claim","misleading_advertising","health_cure_prevention_or_weight_loss_claim|objective_claim_requires_substantiation","12|3.1|3.7|3.11|15.1","medium","True","3579","243","3822","2816","0","Advertorial;Health and Supplements;Image","health","2.0","0.7","0.8","0.8","0.0","0.0","0.0","2.8","10","1","L"
"1466531","data/chi-bad-ads-data-main/screenshots/1466531.webp","v2.3","ad-1466531","150_199","0","0.12","other_or_unclear","","insufficient_information","","high","False","3871","213","4084","3328","0","Google Responsive;Household Products","","0.2","1.3","0.0","0.0","0.0","0.0","0.2","4.6","10","3","D"
"1466565","data/chi-bad-ads-data-main/screenshots/1466565.webp","v2.3","ad-1466565","150_199","0","0.12","other_or_unclear","recognition_of_advertising","insufficient_information","","high","False","3512","211","3723","3328","0","Image;Travel","","1.0","1.4","0.2","0.1","0.0","0.1","0.3","4.3","10","3","I"
"1466575","data/chi-bad-ads-data-main/screenshots/1466575.webp","v2.3","ad-1466575","150_199","0","0.18","other_or_unclear","recognition_of_advertising","insufficient_information","2.1","high","False","3657","215","3872","3328","0","Apparel;Image","","1.2","0.9","0.3","0.1","0.0","0.0","0.2","3.4","10","2","I"
"1466632","data/chi-bad-ads-data-main/screenshots/1466632.webp","v2.3","ad-1466632","150_199","0","0.24","other_or_unclear","recognition_of_advertising","insufficient_information","","medium","False","3503","201","3704","2816","0","B2B Products;Image","","0.8","1.2","0.2","0.1","0.0","0.0","0.3","4.3","10","1","I"
"1466641","data/chi-bad-ads-data-main/screenshots/1466641.webp","v2.3","ad-1466641","150_199","0","0.18","financial_or_business_opportunity","misleading_advertising","insufficient_information","3.1|14.1","medium","False","3791","212","4003","3328","0","Image;Journalism;Self-Link","","0.6","1.9","0.1","0.0","0.0","0.0","0.3","4.7","10","0","D"
"1466686","data/chi-bad-ads-data-main/screenshots/1466686.webp","v2.3","ad-1466686","150_199","0","0.12","other_or_unclear","","insufficient_information","","high","False","3785","197","3982","2816","0","Consumer Tech;Image","","0.0","1.7","0.0","0.0","0.0","0.0","0.0","5.1","10","1","A"
"1466734","data/chi-bad-ads-data-main/screenshots/1466734.webp","v2.3","ad-1466734","150_199","0","0.12","other_or_unclear","","insufficient_information","","high","False","3547","197","3744","2816","0","Entertainment;Image","","0.0","1.9","0.0","0.0","0.0","0.0","0.0","4.5","10","0","D"
"1466738","data/chi-bad-ads-data-main/screenshots/1466738.webp","v2.3","ad-1466738","150_199","0","0.18","other_or_unclear","","insufficient_information","","medium","False","3503","211","3714","2816","0","B2B Products;Image","","0.25","1.9166666666666663","0.0","0.0","0.0","0.0","0.1666666666666666","5.166666666666667","12","3","D"
"1466777","data/chi-bad-ads-data-main/screenshots/1466777.webp","v2.3","ad-1466777","150_199","0","0.18","other_or_unclear","","insufficient_information","","high","False","3503","198","3701","2816","0","Banking/Credit Cards;Image","finance","0.5","1.8","0.2","0.0","0.0","0.0","0.2","4.8","10","0","D"
"1466779","data/chi-bad-ads-data-main/screenshots/1466779.webp","v2.3","ad-1466779","150_199","0","0.18","other_or_unclear","recognition_of_advertising","insufficient_information","","medium","False","3497","217","3714","3328","0","B2B Products;Computer Security-related;Google Responsive","","0.9","0.7000000000000001","0.1","0.0","0.0","0.0","0.2","3.3","10","1","L"
"1466795","data/chi-bad-ads-data-main/screenshots/1466795.webp","v2.3","ad-1466795","150_199","0","0.18","other_or_unclear","","insufficient_information","","high","False","3503","189","3692","2816","0","B2B Products;Image","","1.1","0.4","0.2","0.2","0.0","0.0","0.6","2.9","10","4","I"
"1466855","data/chi-bad-ads-data-main/screenshots/1466855.webp","v2.3","ad-1466855","150_199","0","0.18","other_or_unclear","","insufficient_information","","high","False","3635","204","3839","2816","0","B2B Products;Consumer Tech;Image;Self-Link","","0.7","1.0","0.1","0.1","0.0","0.0","0.3","3.8","10","2","I"
"1466870","data/chi-bad-ads-data-main/screenshots/1466870.webp","v2.3","ad-1466870","150_199","1","0.72","recognition_of_advertising","misleading_advertising","unclear_or_hidden_commercial_intent|cross_modal_mismatch","2.1|2.4|3.1","medium","True","3539","261","3800","2816","0","Entertainment;Image","","0.6","2.1","0.1","0.0","0.0","0.0","0.2","4.3","10","1","D"
"1466876","data/chi-bad-ads-data-main/screenshots/1466876.webp","v2.3","ad-1466876","150_199","1","0.88","financial_or_business_opportunity","misleading_advertising","earnings_or_business_opportunity_claim|misleading_price_or_offer|missing_material_information","14.1|20.7|20.8|3.1|3.3|3.9|3.17","medium","True","3657","300","3957","2816","0","Contest;Gifts;Image","","1.2","1.0","0.3","0.3","0.2","0.0","0.2","3.3","10","2","G"
"1466945","data/chi-bad-ads-data-main/screenshots/1466945.webp","v2.3","ad-1466945","150_199","1","0.62","financial_or_business_opportunity","misleading_advertising","objective_claim_requires_substantiation|missing_material_information","3.1|3.3|3.7|3.9|14.1|20.8","medium","True","3671","281","3952","3328","0","Advertorial;Banking/Credit Cards;Image","finance","1.1","1.3","0.3","0.3","0.0","0.0","0.2","3.7","10","3","G"
"1466963","data/chi-bad-ads-data-main/screenshots/1466963.webp","v2.3","ad-1466963","150_199","1","0.68","health_medical_or_wellbeing_claim","misleading_advertising","health_cure_prevention_or_weight_loss_claim|objective_claim_requires_substantiation|missing_material_information","12|15.1|3.1|3.3|3.7|3.9|3.11","medium","True","3512","303","3815","2816","0","Medical Services and Prescriptions;Native","health","1.4","0.5","0.5","0.2","0.1","0.0","0.1","2.5","10","2","Q"
"1466995","data/chi-bad-ads-data-main/screenshots/1466995.webp","v2.3","ad-1466995","150_199","0","0.18","other_or_unclear","recognition_of_advertising","insufficient_information","","high","False","3503","211","3714","2816","0","Entertainment;Image;Self-Link","","0.3","1.9","0.0","0.0","0.1","0.0","0.0","4.9","10","3","D"
"1467012","data/chi-bad-ads-data-main/screenshots/1467012.webp","v2.3","ad-1467012","150_199","1","0.7","financial_or_business_opportunity","misleading_advertising","financial_return_or_investment_risk_claim|objective_claim_requires_substantiation|missing_material_information","14.1|14.2|14.4|3.1|3.3|3.7|3.9|3.10","medium","True","3647","298","3945","2816","0","Banking/Credit Cards;Image","finance","0.5","1.1","0.0","0.1","0.1","0.1","0.0","3.2","10","4","I"
"1467019","data/chi-bad-ads-data-main/screenshots/1467019.webp","v2.3","ad-1467019","150_199","0","0.08","other_or_unclear","","insufficient_information","","high","False","3489","172","3661","2816","0","Entertainment;Image;Self-Link","","0.3","2.8","0.1","0.1","0.1","0.0","0.0","4.7","10","0","C"
"1467041","data/chi-bad-ads-data-main/screenshots/1467041.webp","v2.3","ad-1467041","150_199","0","0.18","other_or_unclear","recognition_of_advertising","insufficient_information","2.1|2.4","medium","False","3540","204","3744","2816","0","B2B Products;Google Responsive;Sponsored Search","","1.5","0.4","0.1","0.2","0.0","0.0","0.5","2.9","10","1","P"
"1467128","data/chi-bad-ads-data-main/screenshots/1467128.webp","v2.3","ad-1467128","150_199","0","0.12","other_or_unclear","","insufficient_information","","high","False","3613","211","3824","2816","0","Food and Drink;Image;Self-Link","","0.2","1.9","0.0","0.0","0.0","0.0","0.1","4.8","10","1","D"
"1467135","data/chi-bad-ads-data-main/screenshots/1467135.webp","v2.3","ad-1467135","150_199","0","0.18","other_or_unclear","recognition_of_advertising","insufficient_information","","high","False","3503","188","3691","3328","0","Image;Wedding Services","","0.6","1.2000000000000002","0.0","0.1","0.0","0.0","0.3","3.8","10","0","I"
"1467175","data/chi-bad-ads-data-main/screenshots/1467175.webp","v2.3","ad-1467175","200_249","0","0.14","recognition_of_advertising","","insufficient_information","","high","False","3635","201","3836","2816","0","Apparel;Google Responsive","","0.7000000000000001","0.7","0.1","0.1","0.0","0.0","0.4","3.3","10","0","I"
"1467218","data/chi-bad-ads-data-main/screenshots/1467218.webp","v2.3","ad-1467218","200_249","0","0.18","financial_or_business_opportunity","","insufficient_information","","low","False","3455","225","3680","2816","0","Banking/Credit Cards;Image","finance","0.9","1.1","0.3","0.2","0.1","0.0","0.1","3.9","10","2","G"
"1467265","data/chi-bad-ads-data-main/screenshots/1467265.webp","v2.3","ad-1467265","200_249","0","0.08","other_or_unclear","","insufficient_information","","high","False","3613","186","3799","2816","0","Entertainment;Image","","0.3","1.6","0.0","0.1","0.0","0.0","0.1","5.3","10","1","D"
"1467293","data/chi-bad-ads-data-main/screenshots/1467293.webp","v2.3","ad-1467293","200_249","0","0.18","other_or_unclear","recognition_of_advertising","insufficient_information","2.1","high","False","3489","206","3695","2816","0","Image;Scientific Journal;Self-Link","","0.4","1.4","0.1","0.0","0.0","0.0","0.1","4.1","10","1","D"
"1467433","data/chi-bad-ads-data-main/screenshots/1467433.webp","v2.3","ad-1467433","200_249","0","0.12","other_or_unclear","","insufficient_information","","medium","False","3704","210","3914","2816","0","Advertorial;Beauty Products;Image","health","0.2","2.3","0.0","0.0","0.0","0.0","0.2","5.8","10","1","A"
"1467474","data/chi-bad-ads-data-main/screenshots/1467474.webp","v2.3","ad-1467474","200_249","0","0.12","other_or_unclear","","insufficient_information","","high","False","3503","203","3706","2816","0","B2B Products;Image","","0.6","1.3","0.0","0.1","0.1","0.0","0.3","4.1","10","1","I"
"1467484","data/chi-bad-ads-data-main/screenshots/1467484.webp","v2.3","ad-1467484","200_249","0","0.18","other_or_unclear","","insufficient_information","","high","False","3503","209","3712","2816","0","B2B Products;Image","","0.3","2.2","0.0","0.0","0.0","0.0","0.2","4.7","10","1","D"
"1467518","data/chi-bad-ads-data-main/screenshots/1467518.webp","v2.3","ad-1467518","200_249","0","0.14","other_or_unclear","recognition_of_advertising|misleading_advertising","objective_claim_requires_substantiation","3.7","medium","False","3871","265","4136","2816","0","Computer Security-related;Image;Software Download","","0.7272727272727274","1.181818181818182","0.0909090909090909","0.1818181818181818","0.1818181818181818","0.0","0.0909090909090909","3.727272727272727","11","6","G"
"1467521","data/chi-bad-ads-data-main/screenshots/1467521.webp","v2.3","ad-1467521","200_249","1","0.54","misleading_advertising","recognition_of_advertising|financial_or_business_opportunity","objective_claim_requires_substantiation|missing_material_information","3.1|3.3|3.7|2.1","medium","True","3558","281","3839","2816","0","B2B Products;Sponsored Content","","1.5","0.4","0.2","0.1","0.0","0.0","0.5","2.7","10","1","P"
"1467537","data/chi-bad-ads-data-main/screenshots/1467537.webp","v2.3","ad-1467537","200_249","0","0.18","other_or_unclear","","insufficient_information","","high","False","3551","186","3737","2816","0","Beauty Products;Image","health","0.0909090909090909","1.818181818181818","0.0","0.0909090909090909","0.0","0.0","0.0","4.818181818181818","11","0","D"
"1467549","data/chi-bad-ads-data-main/screenshots/1467549.webp","v2.3","ad-1467549","200_249","0","0.08","other_or_unclear","","insufficient_information","","high","False","3551","210","3761","2816","0","Entertainment;Google Responsive;Self-Link","","0.3636363636363637","1.3636363636363635","0.0","0.0","0.0","0.1818181818181818","0.0","3.909090909090909","11","2","F"
"1467681","data/chi-bad-ads-data-main/screenshots/1467681.webp","v2.3","ad-1467681","200_249","0","0.12","other_or_unclear","","insufficient_information","","high","False","3578","213","3791","2816","0","COVID Products;Native","","0.4","2.0","0.0","0.0","0.1","0.0","0.1","4.8","10","2","D"
"1467726","data/chi-bad-ads-data-main/screenshots/1467726.webp","v2.3","ad-1467726","200_249","1","0.44","other_or_unclear","misleading_advertising|recognition_of_advertising","unclear_or_hidden_commercial_intent|objective_claim_requires_substantiation","2.1|3.1|3.7","medium","True","3539","273","3812","2816","0","B2B Products;Google Responsive","","1.7","0.6000000000000001","0.3","0.1","0.0","0.0","0.3","3.4","10","1","Q"
"1467739","data/chi-bad-ads-data-main/screenshots/1467739.webp","v2.3","ad-1467739","200_249","0","0.18","other_or_unclear","","insufficient_information","","high","False","3533","209","3742","2816","0","Cars;Image","","0.0","2.0","0.0","0.0","0.0","0.0","0.0","4.5","10","1","D"
"1467892","data/chi-bad-ads-data-main/screenshots/1467892.webp","v2.3","ad-1467892","200_249","0","0.12","other_or_unclear","","insufficient_information","","high","False","3806","197","4003","2816","0","Games and Toys;Google Responsive","","0.9","0.6","0.1","0.1","0.0","0.0","0.2","3.3","10","4","I"
"1467912","data/chi-bad-ads-data-main/screenshots/1467912.webp","v2.3","ad-1467912","200_249","0","0.12","other_or_unclear","","insufficient_information","","high","False","3925","240","4165","2816","0","Household Products;Image;Self-Link","","0.3","2.4","0.0","0.1","0.1","0.0","0.0","5.3","10","3","C"
"1467945","data/chi-bad-ads-data-main/screenshots/1467945.webp","v2.3","ad-1467945","200_249","0","0.12","recognition_of_advertising","","insufficient_information","","high","False","3503","202","3705","2816","0","Image;Software Download","","0.2","1.5","0.0","0.0","0.0","0.0","0.1","4.5","10","3","D"
"1467959","data/chi-bad-ads-data-main/screenshots/1467959.webp","v2.3","ad-1467959","200_249","0","0.12","other_or_unclear","","insufficient_information","","high","False","3536","192","3728","2816","0","Food and Drink;Image;Self-Link","","0.2","1.9","0.0","0.0","0.0","0.0","0.0","5.0","10","2","D"
"1468028","data/chi-bad-ads-data-main/screenshots/1468028.webp","v2.3","ad-1468028","200_249","1","0.68","financial_or_business_opportunity","misleading_advertising","objective_claim_requires_substantiation|missing_material_information","3.1|3.3|3.7|14.1|14.2|20.8","medium","True","3974","274","4248","2816","0","B2B Products;Image","","0.7","0.9","0.0","0.0","0.0","0.0","0.6","3.8","10","1","I"
"1468040","data/chi-bad-ads-data-main/screenshots/1468040.webp","v2.3","ad-1468040","200_249","0","0.18","recognition_of_advertising","","insufficient_information","2.1","medium","False","3974","205","4179","2816","0","Food and Drink;Image","","1.1","1.7","0.3","0.2","0.2","0.1","0.0","3.7","10","2","G"
"1468079","data/chi-bad-ads-data-main/screenshots/1468079.webp","v2.3","ad-1468079","200_249","1","0.62","misleading_advertising","health_medical_or_wellbeing_claim|recognition_of_advertising","objective_claim_requires_substantiation|missing_material_information|unclear_or_hidden_commercial_intent","3.1|3.3|3.7|3.9|2.1|2.4|12","medium","True","3503","290","3793","2816","0","Advertorial;Health and Supplements;Native;Pets","health","1.9090909090909087","0.9090909090909092","0.5454545454545454","0.3636363636363637","0.2727272727272727","0.1818181818181818","0.3636363636363637","4.0","11","2","R"
"1468087","data/chi-bad-ads-data-main/screenshots/1468087.webp","v2.3","ad-1468087","200_249","0","0.18","other_or_unclear","","insufficient_information","","low","False","3498","221","3719","2816","0","B2B Products;Image","","0.7000000000000001","0.7","0.0","0.1","0.0","0.0","0.4","3.7","10","2","I"
"1468122","data/chi-bad-ads-data-main/screenshots/1468122.webp","v2.3","ad-1468122","200_249","1","0.58","financial_or_business_opportunity","misleading_advertising|recognition_of_advertising","financial_return_or_investment_risk_claim|missing_material_information|unclear_or_hidden_commercial_intent","14.1|14.2|14.4|20.8|3.1|3.3|3.9|2.1","medium","True","3741","301","4042","2816","0","Image;Travel","","1.3","0.7000000000000001","0.3","0.4","0.0","0.0","0.1","3.1","10","2","L"
"1468142","data/chi-bad-ads-data-main/screenshots/1468142.webp","v2.3","ad-1468142","200_249","0","0.08","other_or_unclear","","insufficient_information","","high","False","3752","203","3955","2816","0","Household Products;Image","","0.0833333333333333","1.75","0.0","0.0","0.0","0.0","0.0","4.666666666666667","12","0","D"
"1468148","data/chi-bad-ads-data-main/screenshots/1468148.webp","v2.3","ad-1468148","200_249","1","0.82","recognition_of_advertising","misleading_advertising","unclear_or_hidden_commercial_intent|cross_modal_mismatch","2.1|2.3|2.4|3.1|3.5","medium","True","3923","262","4185","2816","0","Google Responsive;Social Media","","1.0","1.4","0.2","0.4","0.1","0.0","0.1","4.3","10","3","G"
"1468157","data/chi-bad-ads-data-main/screenshots/1468157.webp","v2.3","ad-1468157","200_249","1","0.46","misleading_advertising","recognition_of_advertising","unclear_or_hidden_commercial_intent|missing_material_information","3.1|3.3|2.1|2.4","medium","True","3527","253","3780","2816","0","Native;Pets","","0.6363636363636364","1.0","0.4545454545454545","0.0909090909090909","0.0","0.0","0.0","4.363636363636363","11","2","G"
"1468161","data/chi-bad-ads-data-main/screenshots/1468161.webp","v2.3","ad-1468161","200_249","1","0.58","misleading_advertising","recognition_of_advertising","objective_claim_requires_substantiation|cross_modal_mismatch","3.1|3.7|3.11|2.1|2.4","medium","True","3527","249","3776","2816","0","COVID Products;Native","","1.4","1.1","0.6","0.4","0.1","0.0","0.1","3.4","10","2","G"
"1468172","data/chi-bad-ads-data-main/screenshots/1468172.webp","v2.3","ad-1468172","200_249","1","0.58","health_medical_or_wellbeing_claim","misleading_advertising","objective_claim_requires_substantiation|insufficient_information","12|3.1|3.7","medium","True","3561","245","3806","2816","0","Google Responsive;Health and Supplements","health","2.1","0.3","0.6","0.7","0.2","0.0","0.3","2.1","10","2","U"
"1468254","data/chi-bad-ads-data-main/screenshots/1468254.webp","v2.3","ad-1468254","200_249","1","0.6","misleading_advertising","other_or_unclear","objective_claim_requires_substantiation|insufficient_information","3.1|3.7|3.11","medium","True","3613","229","3842","2816","0","Advertorial;Google Responsive;Household Products","","1.2","0.6000000000000001","0.3","0.0","0.0","0.3","0.0","3.1","10","2","O"
"1468323","data/chi-bad-ads-data-main/screenshots/1468323.webp","v2.3","ad-1468323","200_249","1","0.83","health_medical_or_wellbeing_claim","misleading_advertising","health_cure_prevention_or_weight_loss_claim|objective_claim_requires_substantiation|missing_material_information","12|15.1|3.1|3.3|3.7","medium","True","3527","257","3784","2816","0","Google Responsive;Health and Supplements","health","1.7","0.7000000000000001","0.4","0.4","0.1","0.0","0.3","3.9","10","0","L"
"1468330","data/chi-bad-ads-data-main/screenshots/1468330.webp","v2.3","ad-1468330","200_249","1","0.67","health_medical_or_wellbeing_claim","recognition_of_advertising|misleading_advertising","missing_material_information|objective_claim_requires_substantiation|unclear_or_hidden_commercial_intent","2.1|3.1|3.3|3.7|12","medium","True","3515","280","3795","2816","0","Google Responsive;Medical Services and Prescriptions","health","0.8","1.1","0.0","0.0","0.0","0.0","0.6","3.3","10","2","I"
"1468332","data/chi-bad-ads-data-main/screenshots/1468332.webp","v2.3","ad-1468332","200_249","1","0.88","health_medical_or_wellbeing_claim","misleading_advertising","health_cure_prevention_or_weight_loss_claim|objective_claim_requires_substantiation|missing_material_information","12|15.1|3.1|3.3|3.7|3.9|3.10","high","True","3551","271","3822","2816","0","Advertorial;Google Responsive;Health and Supplements","health","1.6","0.4","0.5","0.5","0.1","0.0","0.1","3.1","10","1","L"
"1468348","data/chi-bad-ads-data-main/screenshots/1468348.webp","v2.3","ad-1468348","200_249","0","0.22","other_or_unclear","","insufficient_information","","medium","False","3503","202","3705","2816","0","Entertainment;Image","","0.4","1.5","0.0","0.1","0.1","0.1","0.1","3.7","10","3","I"
"1468503","data/chi-bad-ads-data-main/screenshots/1468503.webp","v2.3","ad-1468503","200_249","1","0.66","misleading_advertising","recognition_of_advertising|health_medical_or_wellbeing_claim","objective_claim_requires_substantiation|unclear_or_hidden_commercial_intent|missing_material_information","2.1|3.1|3.3|3.7|3.9","medium","True","3482","262","3744","2816","0","Advertorial;Consumer Tech;Native","","1.4","0.4","0.7","0.3","0.0","0.0","0.2","2.9","10","2","L"
"1468505","data/chi-bad-ads-data-main/screenshots/1468505.webp","v2.3","ad-1468505","200_249","0","0.18","other_or_unclear","recognition_of_advertising","unclear_or_hidden_commercial_intent|insufficient_information","2.1|2.4","high","False","3503","221","3724","2816","0","B2B Products;Image","","0.9","1.4","0.3","0.2","0.0","0.0","0.4","3.7","10","1","G"
"1468523","data/chi-bad-ads-data-main/screenshots/1468523.webp","v2.3","ad-1468523","200_249","1","0.62","recognition_of_advertising","other_or_unclear|harm_or_offence","unclear_or_hidden_commercial_intent|cross_modal_mismatch|insufficient_information","2.1|2.4|1.1","medium","True","3627","255","3882","2816","0","Health and Supplements;Sponsored Content","health","1.8","0.8","0.5","0.4","0.1","0.5","0.0","2.7","10","1","R"
"1468539","data/chi-bad-ads-data-main/screenshots/1468539.webp","v2.3","ad-1468539","200_249","0","0.1","other_or_unclear","","insufficient_information","","high","False","3613","189","3802","2816","0","B2B Products;Google Responsive","","0.7","0.6","0.0","0.0","0.0","0.0","0.2","3.4","10","1","I"
"1468584","data/chi-bad-ads-data-main/screenshots/1468584.webp","v2.3","ad-1468584","200_249","1","0.92","recognition_of_advertising","misleading_advertising","unclear_or_hidden_commercial_intent|cross_modal_mismatch|missing_material_information","2.1|2.3|2.4|3.1|3.3","medium","True","3464","238","3702","2816","0","Celebrity News;Listicle;Native","","1.7272727272727275","0.6363636363636365","0.6363636363636364","0.3636363636363637","0.1818181818181818","0.0909090909090909","0.3636363636363637","3.5454545454545454","11","1","R"
"1468598","data/chi-bad-ads-data-main/screenshots/1468598.webp","v2.3","ad-1468598","200_249","0","0.18","other_or_unclear","","misleading_price_or_offer","","low","False","3704","237","3941","2816","0","Contest;Image;Self-Link","","2.0","0.8","0.4","0.8","0.4","0.0","0.2","2.2","10","0","R"
"1468697","data/chi-bad-ads-data-main/screenshots/1468697.webp","v2.3","ad-1468697","200_249","1","0.76","misleading_advertising","recognition_of_advertising","exaggerated_capability_or_performance|objective_claim_requires_substantiation|unclear_or_hidden_commercial_intent","3.1|3.7|3.11|2.1|2.4","medium","True","3503","282","3785","2816","0","Decoy;Image;Software Download","","2.3","0.1","0.6","0.8","0.3","0.0","0.2","2.3","10","0","U"
"1468744","data/chi-bad-ads-data-main/screenshots/1468744.webp","v2.3","ad-1468744","200_249","1","0.41","other_or_unclear","recognition_of_advertising","unclear_or_hidden_commercial_intent|insufficient_information","2.1|2.3|1.1","low","True","3515","243","3758","2816","0","Humanitarian;Image","","0.2","2.7","0.0","0.0","0.2","0.0","0.0","5.1","10","1","C"
"1468745","data/chi-bad-ads-data-main/screenshots/1468745.webp","v2.3","ad-1468745","200_249","0","0.12","other_or_unclear","recognition_of_advertising","insufficient_information","","high","False","3515","220","3735","2816","0","Humanitarian;Image","","0.6","0.7","0.0","0.1","0.0","0.0","0.3","3.8","10","3","I"
"1468756","data/chi-bad-ads-data-main/screenshots/1468756.webp","v2.3","ad-1468756","200_249","0","0.12","other_or_unclear","","insufficient_information","","high","False","3561","194","3755","2816","0","B2B Products;Google Responsive","","1.4","0.4","0.3","0.1","0.1","0.1","0.4","2.5","10","1","I"
"1468805","data/chi-bad-ads-data-main/screenshots/1468805.webp","v2.3","ad-1468805","200_249","1","0.51","misleading_advertising","recognition_of_advertising","objective_claim_requires_substantiation|unclear_or_hidden_commercial_intent","3.1|3.7|2.1|2.4","medium","True","3515","268","3783","2816","0","Image;Real Estate","","1.0","1.2","0.1","0.1","0.0","0.0","0.4","3.4","10","3","I"
"1468855","data/chi-bad-ads-data-main/screenshots/1468855.webp","v2.3","ad-1468855","200_249","0","0.19","other_or_unclear","misleading_advertising","insufficient_information","","low","False","3518","223","3741","2816","0","Google Responsive;Software Download","","1.2","1.3","0.4","0.3","0.1","0.0","0.1","4.0","10","1","G"
"1468866","data/chi-bad-ads-data-main/screenshots/1468866.webp","v2.3","ad-1468866","200_249","1","0.48","financial_or_business_opportunity","misleading_advertising","objective_claim_requires_substantiation|missing_material_information","3.1|3.3|3.7|3.9|20.8","medium","True","3565","234","3799","2816","0","Education;Google Responsive;Sponsored Search","","1.8","0.7","0.5","0.8","0.1","0.0","0.0","2.7","10","1","L"
"1468874","data/chi-bad-ads-data-main/screenshots/1468874.webp","v2.3","ad-1468874","200_249","0","0.08","other_or_unclear","","insufficient_information","","high","False","3781","204","3985","2816","0","Education;Image","","0.2727272727272727","2.1818181818181817","0.0","0.0","0.0909090909090909","0.0","0.0909090909090909","4.454545454545454","11","2","D"
"1468959","data/chi-bad-ads-data-main/screenshots/1468959.webp","v2.3","ad-1468959","200_249","1","0.43","misleading_advertising","other_or_unclear","misleading_price_or_offer|objective_claim_requires_substantiation","3.1|3.3|3.7|3.9|3.10|3.11","medium","True","3704","265","3969","2816","0","B2B Products;Image","","0.8","1.1","0.3","0.1","0.0","0.0","0.1","4.1","10","0","L"
"1469039","data/chi-bad-ads-data-main/screenshots/1469039.webp","v2.3","ad-1469039","200_249","0","0.28","other_or_unclear","","objective_claim_requires_substantiation","","high","False","3512","231","3743","2816","0","B2B Products;Image","","1.0","1.4","0.0","0.0","0.0","0.0","0.8","4.5","10","4","E"
"1469101","data/chi-bad-ads-data-main/screenshots/1469101.webp","v2.3","ad-1469101","200_249","0","0.12","other_or_unclear","financial_or_business_opportunity","insufficient_information","","high","False","3612","205","3817","2816","0","Education;Image","","0.1","2.4","0.0","0.0","0.0","0.0","0.1","5.3","10","4","A"
"1469144","data/chi-bad-ads-data-main/screenshots/1469144.webp","v2.3","ad-1469144","250_299","0","0.12","other_or_unclear","recognition_of_advertising","insufficient_information","","high","False","3561","216","3777","2816","0","B2B Products;Image","","0.6000000000000001","1.0","0.0","0.1","0.0","0.0","0.4","3.9","10","3","I"
"1469273","data/chi-bad-ads-data-main/screenshots/1469273.webp","v2.3","ad-1469273","250_299","0","0.12","other_or_unclear","","insufficient_information","","high","False","3503","197","3700","2816","0","Google Responsive;Household Products;Sponsored Search","","0.9","1.2000000000000002","0.4","0.0","0.0","0.0","0.1","4.2","10","1","I"
"1469324","data/chi-bad-ads-data-main/screenshots/1469324.webp","v2.3","ad-1469324","250_299","0","0.12","other_or_unclear","","insufficient_information","","high","False","3871","187","4058","2816","0","Apparel;Image","","0.3","2.5","0.1","0.1","0.0","0.0","0.0","5.0","10","3","C"
"1469331","data/chi-bad-ads-data-main/screenshots/1469331.webp","v2.3","ad-1469331","250_299","0","0.12","other_or_unclear","","insufficient_information","","high","False","3527","193","3720","2816","0","Entertainment;Image","","0.4545454545454546","2.2727272727272725","0.0","0.0","0.0","0.0","0.1818181818181818","5.181818181818182","11","2","A"
"1469347","data/chi-bad-ads-data-main/screenshots/1469347.webp","v2.3","ad-1469347","250_299","0","0.12","other_or_unclear","","insufficient_information","","high","False","3489","194","3683","2816","0","Image;Travel","","0.4","0.8","0.2","0.0","0.0","0.0","0.2","4.0","10","2","I"
"1469393","data/chi-bad-ads-data-main/screenshots/1469393.webp","v2.3","ad-1469393","250_299","1","0.46","misleading_advertising","recognition_of_advertising","unclear_or_hidden_commercial_intent|missing_material_information|insufficient_information","2.1|3.1|3.3|3.9","medium","True","3551","239","3790","2816","0","Household Products;Native;Sponsored Search","","0.8","1.7000000000000002","0.5","0.0","0.0","0.0","0.0","4.1","10","4","G"
"1469453","data/chi-bad-ads-data-main/screenshots/1469453.webp","v2.3","ad-1469453","250_299","1","0.58","recognition_of_advertising","misleading_advertising","unclear_or_hidden_commercial_intent|cross_modal_mismatch|insufficient_information","2.1|2.3|2.4|3.1|3.3","medium","True","3551","254","3805","2816","0","Celebrity News;Listicle;Native","","1.5","0.3","0.6","0.2","0.0","0.0","0.5","2.7","10","1","Q"
"1469473","data/chi-bad-ads-data-main/screenshots/1469473.webp","v2.3","ad-1469473","250_299","0","0.12","other_or_unclear","","insufficient_information","","high","False","3911","193","4104","2816","0","Apparel;Image","","0.1","2.4","0.0","0.0","0.0","0.0","0.1","5.5","10","1","D"
"1469526","data/chi-bad-ads-data-main/screenshots/1469526.webp","v2.3","ad-1469526","250_299","0","0.12","misleading_advertising","","insufficient_information","","high","False","3536","211","3747","2816","0","COVID Products;Google Responsive","","1.181818181818182","0.4545454545454546","0.3636363636363637","0.2727272727272727","0.0","0.0","0.0","3.0","11","2","L"
"1469561","data/chi-bad-ads-data-main/screenshots/1469561.webp","v2.3","ad-1469561","250_299","1","0.62","recognition_of_advertising","misleading_advertising","unclear_or_hidden_commercial_intent|cross_modal_mismatch|insufficient_information","2.1|2.3|2.4|3.1","medium","True","3515","263","3778","2816","0","B2B Products;Image","","1.9","0.1","0.1","0.4","0.2","0.0","0.8","2.4","10","2","P"
"1469565","data/chi-bad-ads-data-main/screenshots/1469565.webp","v2.3","ad-1469565","250_299","0","0.08","other_or_unclear","recognition_of_advertising","insufficient_information","","high","False","3489","222","3711","2816","0","B2B Products;Image","","0.2307692307692307","1.0","0.0","0.0","0.0","0.0","0.0769230769230769","4.153846153846154","13","2","I"
"1469567","data/chi-bad-ads-data-main/screenshots/1469567.webp","v2.3","ad-1469567","250_299","0","0.08","other_or_unclear","","insufficient_information","","high","False","3515","201","3716","2816","0","B2B Products;Google Responsive","","0.7000000000000001","0.8","0.2","0.2","0.0","0.0","0.1","3.8","10","0","I"
"1469647","data/chi-bad-ads-data-main/screenshots/1469647.webp","v2.3","ad-1469647","250_299","0","0.18","recognition_of_advertising","","insufficient_information","","high","False","4026","204","4230","2816","0","Image;Wedding Services","","0.5","1.3","0.0","0.0","0.0","0.0","0.4","4.4","10","2","D"
"1469656","data/chi-bad-ads-data-main/screenshots/1469656.webp","v2.3","ad-1469656","250_299","0","0.12","other_or_unclear","recognition_of_advertising","insufficient_information","","high","False","3522","196","3718","2816","0","Household Products;Image","","0.5","1.2","0.0","0.2","0.1","0.1","0.1","4.6","10","1","I"
"1469659","data/chi-bad-ads-data-main/screenshots/1469659.webp","v2.3","ad-1469659","250_299","0","0.24","other_or_unclear","","insufficient_information","","medium","False","3522","207","3729","2816","0","Humanitarian;Image;Pets","","1.3","0.3","0.1","0.0","0.0","0.0","0.9","3.6","10","4","P"
"1469669","data/chi-bad-ads-data-main/screenshots/1469669.webp","v2.3","ad-1469669","250_299","1","0.8","financial_or_business_opportunity","misleading_advertising|recognition_of_advertising","earnings_or_business_opportunity_claim|objective_claim_requires_substantiation|unclear_or_hidden_commercial_intent","20.7|20.8|3.1|3.7|2.1|2.4","medium","True","3503","289","3792","2816","0","Image;Investment Pitch","finance","2.833333333333333","0.25","0.8333333333333334","0.5833333333333334","0.5","0.0","0.5833333333333334","1.9166666666666667","12","1","U"
"1469680","data/chi-bad-ads-data-main/screenshots/1469680.webp","v2.3","ad-1469680","250_299","0","0.18","other_or_unclear","","insufficient_information","","high","False","3515","206","3721","2816","0","Entertainment;Image","","0.2727272727272727","2.272727272727273","0.0909090909090909","0.0909090909090909","0.0909090909090909","0.0","0.0","4.454545454545454","11","1","D"
"1469693","data/chi-bad-ads-data-main/screenshots/1469693.webp","v2.3","ad-1469693","250_299","1","0.45","recognition_of_advertising","misleading_advertising","unclear_or_hidden_commercial_intent|cross_modal_mismatch","2.1|2.3|2.4|3.1","medium","True","4026","269","4295","2816","0","Image;Journalism","","0.9090909090909092","1.3636363636363635","0.2727272727272727","0.1818181818181818","0.0","0.0909090909090909","0.1818181818181818","3.8181818181818175","11","0","G"
"1469701","data/chi-bad-ads-data-main/screenshots/1469701.webp","v2.3","ad-1469701","250_299","0","0.12","other_or_unclear","recognition_of_advertising","insufficient_information","2.1","high","False","3522","234","3756","2816","0","Consumer Tech;Google Responsive","","0.3","1.9","0.2","0.0","0.0","0.0","0.0","4.8","10","2","D"
"1469715","data/chi-bad-ads-data-main/screenshots/1469715.webp","v2.3","ad-1469715","250_299","0","0.12","other_or_unclear","","insufficient_information","","high","False","3555","222","3777","0","0","Consumer Tech;Google Responsive","","0.4","1.2","0.0","0.0","0.1","0.0","0.1","4.1","10","2","I"
"1469723","data/chi-bad-ads-data-main/screenshots/1469723.webp","v2.3","ad-1469723","250_299","0","0.18","other_or_unclear","","insufficient_information","","high","False","3680","201","3881","2816","0","Apparel;Image","","0.3","1.1","0.1","0.0","0.0","0.0","0.1","4.0","10","1","D"
"1469745","data/chi-bad-ads-data-main/screenshots/1469745.webp","v2.3","ad-1469745","250_299","0","0.18","other_or_unclear","misleading_advertising","insufficient_information","","medium","False","3503","234","3737","2816","0","B2B Products;Image","","0.5","1.0","0.0","0.0","0.0","0.0","0.4166666666666667","3.75","12","1","I"
"1469781","data/chi-bad-ads-data-main/screenshots/1469781.webp","v2.3","ad-1469781","250_299","1","0.47","financial_or_business_opportunity","misleading_advertising","unclear_or_hidden_commercial_intent|missing_material_information","20.8|3.3|3.1|2.1","medium","True","3512","244","3756","2816","0","B2B Products;Image","","0.9","0.6000000000000001","0.2","0.1","0.0","0.0","0.4","3.8","10","0","I"
"1469786","data/chi-bad-ads-data-main/screenshots/1469786.webp","v2.3","ad-1469786","250_299","0","0.22","other_or_unclear","","insufficient_information","","high","False","3543","219","3762","2816","0","Education;Image","","0.2","1.7000000000000002","0.0","0.0","0.2","0.0","0.0","4.8","10","3","D"
"1469814","data/chi-bad-ads-data-main/screenshots/1469814.webp","v2.3","ad-1469814","250_299","0","0.18","other_or_unclear","","insufficient_information","","high","False","3483","183","3666","2816","0","B2B Products;Image","","1.0","0.4","0.3","0.3","0.0","0.0","0.3","3.0","10","1","L"
"1469836","data/chi-bad-ads-data-main/screenshots/1469836.webp","v2.3","ad-1469836","250_299","0","0.08","other_or_unclear","","insufficient_information","","high","False","3599","198","3797","2816","0","COVID Products;Image","","0.7000000000000001","0.5","0.1","0.0","0.1","0.1","0.0","3.5","10","2","M"
"1469915","data/chi-bad-ads-data-main/screenshots/1469915.webp","v2.3","ad-1469915","250_299","0","0.12","other_or_unclear","recognition_of_advertising","insufficient_information","2.1","high","False","3489","221","3710","2816","0","B2B Products;Image","","0.1","2.1","0.0","0.0","0.0","0.0","0.0","4.7","10","1","D"
"1469969","data/chi-bad-ads-data-main/screenshots/1469969.webp","v2.3","ad-1469969","250_299","1","0.58","recognition_of_advertising","misleading_advertising","unclear_or_hidden_commercial_intent","2.1|2.4","medium","True","3659","226","3885","2816","0","Image;Journalism;Self-Link","","0.6","1.3","0.0","0.0","0.0","0.1","0.3","4.3","10","2","I"
"1470114","data/chi-bad-ads-data-main/screenshots/1470114.webp","v2.3","ad-1470114","250_299","0","0.12","other_or_unclear","","insufficient_information","","low","False","3489","244","3733","2816","0","COVID Products;Image","","0.7","1.6","0.1","0.2","0.0","0.0","0.1","4.6","10","2","G"
"1470121","data/chi-bad-ads-data-main/screenshots/1470121.webp","v2.3","ad-1470121","250_299","0","0.18","other_or_unclear","","insufficient_information","","high","False","3527","199","3726","2816","0","COVID Products;Image","","1.5","0.6000000000000001","0.4","0.5","0.1","0.0","0.0","3.8","10","2","L"
"1470148","data/chi-bad-ads-data-main/screenshots/1470148.webp","v2.3","ad-1470148","250_299","1","0.45","recognition_of_advertising","misleading_advertising","unclear_or_hidden_commercial_intent|cross_modal_mismatch","2.1|2.4|3.1|3.3","medium","True","3561","246","3807","2816","0","B2B Products;Google Responsive","","1.0","0.4","0.2","0.4","0.0","0.0","0.1","3.7","10","1","L"
"1470185","data/chi-bad-ads-data-main/screenshots/1470185.webp","v2.3","ad-1470185","250_299","0","0.18","recognition_of_advertising","","insufficient_information","","high","False","3591","213","3804","2816","0","B2B Products;Google Responsive","","0.4","1.4","0.0","0.0","0.1","0.0","0.2","4.4","10","1","I"
"1470203","data/chi-bad-ads-data-main/screenshots/1470203.webp","v2.3","ad-1470203","250_299","0","0.18","other_or_unclear","","insufficient_information","","high","False","3503","211","3714","2816","0","Computer Security-related;Education;Image","","0.5","1.1","0.0","0.2","0.1","0.0","0.1","4.5","10","2","G"
"1470231","data/chi-bad-ads-data-main/screenshots/1470231.webp","v2.3","ad-1470231","250_299","1","0.66","recognition_of_advertising","misleading_advertising","unclear_or_hidden_commercial_intent|cross_modal_mismatch|insufficient_information","2.1|2.4|3.1|3.3","medium","True","3503","236","3739","2816","0","Celebrity News;Native","","1.7000000000000002","0.6","0.9","0.4","0.0","0.0","0.2","3.3","10","1","Q"
"1470246","data/chi-bad-ads-data-main/screenshots/1470246.webp","v2.3","ad-1470246","250_299","1","0.61","misleading_advertising","recognition_of_advertising","cross_modal_mismatch|unclear_or_hidden_commercial_intent|insufficient_information","2.1|2.4|3.1|3.3|3.9","medium","True","3504","266","3770","2816","0","Advertorial;Health and Supplements;Native;Pets","health","1.181818181818182","1.4545454545454548","0.3636363636363637","0.2727272727272727","0.1818181818181818","0.0909090909090909","0.0909090909090909","4.2727272727272725","11","1","G"
"1470265","data/chi-bad-ads-data-main/screenshots/1470265.webp","v2.3","ad-1470265","250_299","1","0.63","misleading_advertising","recognition_of_advertising","unclear_or_hidden_commercial_intent|objective_claim_requires_substantiation","2.1|3.1|3.3|3.7","medium","True","3504","242","3746","2816","0","Advertorial;Household Products;Native","","2.0","0.2","0.8","0.2","0.1","0.0","0.3","2.4","10","0","Q"
"1470340","data/chi-bad-ads-data-main/screenshots/1470340.webp","v2.3","ad-1470340","250_299","1","0.92","health_medical_or_wellbeing_claim","misleading_advertising","health_cure_prevention_or_weight_loss_claim|objective_claim_requires_substantiation|insufficient_information","12|3.1|3.7|3.11","medium","True","3443","238","3681","2816","0","Advertorial;Health and Supplements;Native","health","3.636363636363636","0.0909090909090909","1.0","0.6363636363636364","0.4545454545454545","0.7272727272727273","0.1818181818181818","1.4545454545454546","11","2","R"
"1470355","data/chi-bad-ads-data-main/screenshots/1470355.webp","v2.3","ad-1470355","250_299","1","0.78","recognition_of_advertising","misleading_advertising","unclear_or_hidden_commercial_intent|cross_modal_mismatch|missing_material_information","2.1|2.3|2.4|3.1|3.3","medium","True","3750","253","4003","2816","0","Native;Software Download","","2.3","0.3","0.9","0.6","0.1","0.1","0.0","2.5","10","1","U"
"1470395","data/chi-bad-ads-data-main/screenshots/1470395.webp","v2.3","ad-1470395","250_299","1","0.9","health_medical_or_wellbeing_claim","misleading_advertising","health_cure_prevention_or_weight_loss_claim|exaggerated_capability_or_performance","12|13.9|15.1|3.1|3.7|3.11","high","True","3536","243","3779","2816","0","Advertorial;Health and Supplements;Native","health","1.9","0.1","0.9","0.6","0.3","0.1","0.0","1.6","10","1","U"
"1470407","data/chi-bad-ads-data-main/screenshots/1470407.webp","v2.3","ad-1470407","250_299","1","0.72","health_medical_or_wellbeing_claim","misleading_advertising|recognition_of_advertising","health_cure_prevention_or_weight_loss_claim|objective_claim_requires_substantiation|unclear_or_hidden_commercial_intent","12|15.1|3.1|3.7|2.1|2.4","medium","True","3536","279","3815","2816","0","Medical Services and Prescriptions;Native;Sponsored Search","health","2.0","0.1","0.5","0.4","0.3","0.1","0.2","2.6","10","0","U"
"1470429","data/chi-bad-ads-data-main/screenshots/1470429.webp","v2.3","ad-1470429","250_299","1","0.64","health_medical_or_wellbeing_claim","misleading_advertising","health_cure_prevention_or_weight_loss_claim|objective_claim_requires_substantiation","12|15.1|3.1|3.7","medium","True","3503","249","3752","2816","0","Advertorial;Health and Supplements;Image","health","2.7","0.6","0.8","0.7","0.3","0.1","0.2","2.9","10","0","U"
"1470503","data/chi-bad-ads-data-main/screenshots/1470503.webp","v2.3","ad-1470503","250_299","0","0.14","other_or_unclear","","insufficient_information","","high","False","3923","194","4117","2816","0","Food and Drink;Image","","0.2","2.0","0.0","0.0","0.0","0.1","0.0","4.9","10","2","F"
"1470532","data/chi-bad-ads-data-main/screenshots/1470532.webp","v2.3","ad-1470532","250_299","0","0.12","other_or_unclear","","insufficient_information","","high","False","3503","184","3687","2816","0","Image;Journalism;Self-Link","","0.2","1.9","0.0","0.1","0.0","0.0","0.0","5.0","10","0","C"
"1470535","data/chi-bad-ads-data-main/screenshots/1470535.webp","v2.3","ad-1470535","250_299","0","0.18","recognition_of_advertising","","insufficient_information","2.1|2.4","high","False","3503","205","3708","2816","0","Image;Journalism;Self-Link","","0.2","1.7000000000000002","0.0","0.0","0.0","0.0","0.1","5.0","10","2","D"
"1470578","data/chi-bad-ads-data-main/screenshots/1470578.webp","v2.3","ad-1470578","250_299","0","0.18","other_or_unclear","","insufficient_information","","high","False","3503","213","3716","2816","0","Image;Journalism;Self-Link","","0.0","2.363636363636364","0.0","0.0","0.0","0.0","0.0","4.909090909090909","11","2","D"
"1470614","data/chi-bad-ads-data-main/screenshots/1470614.webp","v2.3","ad-1470614","250_299","1","0.58","misleading_advertising","recognition_of_advertising","cross_modal_mismatch|missing_material_information","3.1|3.3|2.1","medium","True","3443","240","3683","2816","0","Education;Sponsored Content","","0.6000000000000001","0.9","0.2","0.2","0.0","0.0","0.1","4.4","10","0","J"
"1470633","data/chi-bad-ads-data-main/screenshots/1470633.webp","v2.3","ad-1470633","250_299","0","0.18","other_or_unclear","recognition_of_advertising","insufficient_information","","high","False","3515","198","3713","2816","0","Consumer Tech;Google Responsive;Sponsored Search","","0.9","0.7","0.2","0.2","0.1","0.0","0.2","3.1","10","2","L"
"1470790","data/chi-bad-ads-data-main/screenshots/1470790.webp","v2.3","ad-1470790","250_299","0","0.12","other_or_unclear","","insufficient_information","","high","False","3515","197","3712","2816","0","Image;Insurance","finance","0.9090909090909092","1.2727272727272727","0.0909090909090909","0.0909090909090909","0.0909090909090909","0.0","0.4545454545454545","4.181818181818182","11","3","I"
"1470817","data/chi-bad-ads-data-main/screenshots/1470817.webp","v2.3","ad-1470817","250_299","1","0.58","misleading_advertising","recognition_of_advertising","objective_claim_requires_substantiation|unclear_or_hidden_commercial_intent","3.1|3.7|2.1|2.4","medium","True","3923","280","4203","2816","0","B2B Products;Google Responsive","","1.3","0.4","0.1","0.2","0.0","0.0","0.6","3.0","10","3","I"
"1470821","data/chi-bad-ads-data-main/screenshots/1470821.webp","v2.3","ad-1470821","250_299","1","0.68","recognition_of_advertising","misleading_advertising","unclear_or_hidden_commercial_intent|cross_modal_mismatch|objective_claim_requires_substantiation","2.1|2.4|3.1|3.6|3.7","medium","True","3536","258","3794","2816","0","Public Relations;Self-Link;Sponsored Content","","1.1","1.1","0.1","0.1","0.1","0.0","0.5","3.7","10","2","I"
"1470844","data/chi-bad-ads-data-main/screenshots/1470844.webp","v2.3","ad-1470844","300_349","0","0.12","other_or_unclear","recognition_of_advertising","insufficient_information","2.1","high","False","3887","213","4100","2816","0","Entertainment;Google Responsive","","1.2","0.6000000000000001","0.3","0.3","0.0","0.0","0.3","3.1","10","4","Q"
"1470849","data/chi-bad-ads-data-main/screenshots/1470849.webp","v2.3","ad-1470849","300_349","1","0.82","financial_or_business_opportunity","misleading_advertising|recognition_of_advertising","financial_return_or_investment_risk_claim|missing_material_information|unclear_or_hidden_commercial_intent","14.1|14.2|3.1|3.3|3.9|2.1|2.4","medium","True","3819","308","4127","2816","0","Google Responsive;Legal Services","","2.0","0.8","0.6","0.4","0.3","0.0","0.2","3.2","10","0","Q"
"1470872","data/chi-bad-ads-data-main/screenshots/1470872.webp","v2.3","ad-1470872","300_349","0","0.14","other_or_unclear","","insufficient_information","","high","False","3551","218","3769","2816","0","Entertainment;Image","","0.6000000000000001","1.6","0.0","0.0","0.1","0.0","0.1","4.4","10","2","D"
"1470887","data/chi-bad-ads-data-main/screenshots/1470887.webp","v2.3","ad-1470887","300_349","1","0.56","financial_or_business_opportunity","misleading_advertising","earnings_or_business_opportunity_claim|objective_claim_requires_substantiation","3.1|3.7|14.1|20.7|20.8","medium","True","3503","236","3739","2816","0","B2B Products;Image;Self-Link","","0.8","1.2","0.1","0.1","0.1","0.0","0.5","4.3","10","2","I"
"1470895","data/chi-bad-ads-data-main/screenshots/1470895.webp","v2.3","ad-1470895","300_349","1","0.92","health_medical_or_wellbeing_claim","misleading_advertising","health_cure_prevention_or_weight_loss_claim|objective_claim_requires_substantiation|missing_material_information","12|15.1|3.1|3.3|3.7|3.9|3.10|3.11","high","True","3819","301","4120","2816","0","Image;Medical Services and Prescriptions","health","1.25","0.9166666666666666","0.25","0.1666666666666666","0.25","0.0","0.0833333333333333","3.8333333333333335","12","1","L"
"1470998","data/chi-bad-ads-data-main/screenshots/1470998.webp","v2.3","ad-1470998","300_349","0","0.2","recognition_of_advertising","","insufficient_information","","high","False","3515","179","3694","2816","0","COVID Products;Native","","0.3636363636363637","1.909090909090909","0.0909090909090909","0.0909090909090909","0.0","0.0","0.0","4.727272727272728","11","4","C"
"1471067","data/chi-bad-ads-data-main/screenshots/1471067.webp","v2.3","ad-1471067","300_349","1","0.88","misleading_advertising","recognition_of_advertising|financial_or_business_opportunity","misleading_price_or_offer|unclear_or_hidden_commercial_intent|cross_modal_mismatch|missing_material_information","3.1|3.3|3.5|3.9|3.17|2.1|2.3","medium","True","3539","279","3818","2816","0","Advertorial;Native;Political Memorabilia","","1.7","0.2","0.6","0.6","0.0","0.1","0.2","2.3","10","2","T"
"1471126","data/chi-bad-ads-data-main/screenshots/1471126.webp","v2.3","ad-1471126","300_349","0","0.08","recognition_of_advertising","","insufficient_information","","high","False","3871","199","4070","2816","0","Image;Journalism;Self-Link","","0.5","1.9","0.1","0.0","0.0","0.0","0.3","4.6","10","0","D"
"1471141","data/chi-bad-ads-data-main/screenshots/1471141.webp","v2.3","ad-1471141","300_349","1","0.88","harm_or_offence","recognition_of_advertising","fear_distress_or_shock_tactic|cross_modal_mismatch|unclear_or_hidden_commercial_intent","4.2|4.1|2.1|2.3","medium","True","3671","260","3931","2816","0","Image;Political Campaign","","1.1","0.4","0.2","0.3","0.5","0.1","0.0","2.8","10","0","M"
"1471171","data/chi-bad-ads-data-main/screenshots/1471171.webp","v2.3","ad-1471171","300_349","1","0.91","recognition_of_advertising","misleading_advertising","unclear_or_hidden_commercial_intent|cross_modal_mismatch|missing_material_information","2.1|2.3|2.4|3.1|3.3|3.5","high","True","3515","270","3785","2816","0","Celebrity News;Listicle;Native","","2.1","0.2","0.6","0.3","0.3","0.5","0.0","1.7","10","0","R"
"1471178","data/chi-bad-ads-data-main/screenshots/1471178.webp","v2.3","ad-1471178","300_349","0","0.18","other_or_unclear","recognition_of_advertising","insufficient_information","","medium","False","3527","225","3752","2816","0","Human Interest;Listicle;Native","","1.5454545454545456","0.2727272727272727","0.7272727272727273","0.1818181818181818","0.1818181818181818","0.0909090909090909","0.0909090909090909","2.4545454545454546","11","2","R"
"1471216","data/chi-bad-ads-data-main/screenshots/1471216.webp","v2.3","ad-1471216","300_349","0","0.23","recognition_of_advertising","","insufficient_information","2.1","high","False","3515","184","3699","2816","0","Household Products;Native;Sponsored Search","","1.4","1.5","0.7","0.4","0.2","0.0","0.1","3.2","10","3","G"
"1471243","data/chi-bad-ads-data-main/screenshots/1471243.webp","v2.3","ad-1471243","300_349","1","0.71","health_medical_or_wellbeing_claim","misleading_advertising","health_cure_prevention_or_weight_loss_claim|objective_claim_requires_substantiation","12|15.1|3.1|3.7","medium","True","3541","248","3789","2816","0","Advertorial;Google Responsive;Health and Supplements","health","1.8","0.3","0.5","0.2","0.1","0.3","0.2","3.0","10","4","R"
"1471245","data/chi-bad-ads-data-main/screenshots/1471245.webp","v2.3","ad-1471245","300_349","0","0.12","recognition_of_advertising","","insufficient_information","","high","False","3665","217","3882","2816","0","Image;Journalism;Self-Link","","0.6000000000000001","1.4","0.0","0.0","0.0","0.0","0.4","3.7","10","2","I"
"1471414","data/chi-bad-ads-data-main/screenshots/1471414.webp","v2.3","ad-1471414","300_349","1","0.78","recognition_of_advertising","misleading_advertising","unclear_or_hidden_commercial_intent|cross_modal_mismatch|missing_material_information","2.1|2.3|2.4|3.1|3.3","medium","True","3635","288","3923","2816","0","Image;Journalism;Self-Link","","0.9090909090909092","1.0","0.3636363636363637","0.0","0.0","0.0","0.4545454545454545","3.4545454545454546","11","2","I"
"1471419","data/chi-bad-ads-data-main/screenshots/1471419.webp","v2.3","ad-1471419","300_349","1","0.71","financial_or_business_opportunity","misleading_advertising","financial_return_or_investment_risk_claim|objective_claim_requires_substantiation|missing_material_information","3.1|3.3|3.7|3.9|14.1|14.4","medium","True","3635","295","3930","2816","0","B2B Products;Image","","0.9","1.1","0.2","0.0","0.0","0.0","0.5","3.8","10","1","I"
"1471431","data/chi-bad-ads-data-main/screenshots/1471431.webp","v2.3","ad-1471431","300_349","0","0.24","other_or_unclear","misleading_advertising","insufficient_information","","high","False","3635","205","3840","2816","0","Apparel;Image","","0.5","1.0","0.0","0.1","0.0","0.0","0.0","4.0","10","1","I"
"1471488","data/chi-bad-ads-data-main/screenshots/1471488.webp","v2.3","ad-1471488","300_349","0","0.08","other_or_unclear","","insufficient_information","","high","False","3871","208","4079","2816","0","B2B Products;Google Responsive","","1.1","1.1","0.2","0.2","0.1","0.0","0.1","3.9","10","1","L"
"1471520","data/chi-bad-ads-data-main/screenshots/1471520.webp","v2.3","ad-1471520","300_349","0","0.12","other_or_unclear","","insufficient_information","","high","False","3647","207","3854","2816","0","Consumer Tech;Google Responsive","","0.6","0.8","0.0","0.0","0.1","0.0","0.2","3.7","10","1","I"
"1471553","data/chi-bad-ads-data-main/screenshots/1471553.webp","v2.3","ad-1471553","300_349","1","0.56","financial_or_business_opportunity","misleading_advertising","objective_claim_requires_substantiation|missing_material_information","3.1|3.3|3.7|3.9|20.8","medium","True","3704","277","3981","2816","0","B2B Products;Google Responsive","","0.3","2.3","0.0","0.0","0.2","0.0","0.1","5.2","10","3","D"
"1471570","data/chi-bad-ads-data-main/screenshots/1471570.webp","v2.3","ad-1471570","300_349","0","0.12","other_or_unclear","recognition_of_advertising","insufficient_information","","high","False","3631","219","3850","2816","0","B2B Products;Google Responsive","","1.2","0.9","0.2","0.1","0.3","0.1","0.2","3.8","10","1","G"
"1471578","data/chi-bad-ads-data-main/screenshots/1471578.webp","v2.3","ad-1471578","300_349","0","0.18","other_or_unclear","","insufficient_information","","high","False","3503","210","3713","2816","0","Image;Weapons","","0.8","0.5","0.1","0.2","0.0","0.0","0.2","3.4","10","3","J"
"1471684","data/chi-bad-ads-data-main/screenshots/1471684.webp","v2.3","ad-1471684","300_349","1","0.56","health_medical_or_wellbeing_claim","misleading_advertising","exaggerated_capability_or_performance|objective_claim_requires_substantiation","12|3.1|3.7|3.11","medium","True","3635","258","3893","2816","0","Beauty Products;Image","health","0.2","1.4","0.0","0.1","0.0","0.0","0.0","4.6","10","3","D"
"1471755","data/chi-bad-ads-data-main/screenshots/1471755.webp","v2.3","ad-1471755","300_349","0","0.2","recognition_of_advertising","","insufficient_information","","high","False","3503","205","3708","2816","0","Scientific Journal;Sponsored Content","","1.0","0.9","0.2","0.0","0.1","0.0","0.5","3.9","10","1","I"
"1471808","data/chi-bad-ads-data-main/screenshots/1471808.webp","v2.3","ad-1471808","300_349","0","0.12","other_or_unclear","","insufficient_information","","high","False","3503","211","3714","2816","0","Household Products;Image;Self-Link","","0.1","1.8","0.0","0.0","0.0","0.0","0.0","4.2","10","3","D"
"1471867","data/chi-bad-ads-data-main/screenshots/1471867.webp","v2.3","ad-1471867","300_349","0","0.18","recognition_of_advertising","","unclear_or_hidden_commercial_intent","2.1|2.4","medium","False","3536","216","3752","2816","0","Consumer Tech;Sponsored Content","","0.7000000000000001","0.9","0.2","0.2","0.1","0.0","0.1","3.9","10","0","G"
"1472003","data/chi-bad-ads-data-main/screenshots/1472003.webp","v2.3","ad-1472003","300_349","0","0.18","other_or_unclear","recognition_of_advertising","insufficient_information","","low","False","3525","209","3734","2816","0","Image;Scientific Journal;Self-Link","","0.3","1.5","0.0","0.0","0.0","0.0","0.3","4.8","10","0","D"
"1472009","data/chi-bad-ads-data-main/screenshots/1472009.webp","v2.3","ad-1472009","300_349","0","0.14","other_or_unclear","","insufficient_information","","high","False","3704","202","3906","2816","0","Apparel;Image","","0.4","1.4","0.1","0.1","0.0","0.0","0.1","4.1","10","3","D"
"1472063","data/chi-bad-ads-data-main/screenshots/1472063.webp","v2.3","ad-1472063","300_349","0","0.12","other_or_unclear","recognition_of_advertising","insufficient_information","","high","False","4129","219","4348","2816","0","Entertainment;Image","","0.0","2.6","0.0","0.0","0.0","0.0","0.0","5.5","10","1","A"
"1472075","data/chi-bad-ads-data-main/screenshots/1472075.webp","v2.3","ad-1472075","300_349","0","0.12","other_or_unclear","","insufficient_information","","high","False","3512","193","3705","2816","0","Household Products;Image","","0.1","1.4","0.0","0.0","0.0","0.0","0.0","4.4","10","2","D"
"1472114","data/chi-bad-ads-data-main/screenshots/1472114.webp","v2.3","ad-1472114","300_349","0","0.18","other_or_unclear","","insufficient_information","","high","False","3561","184","3745","2816","0","Image;Journalism;Religious;Self-Link","","0.6","1.1","0.1","0.0","0.0","0.0","0.5","4.4","10","2","I"
"1472124","data/chi-bad-ads-data-main/screenshots/1472124.webp","v2.3","ad-1472124","300_349","0","0.18","other_or_unclear","","insufficient_information","","high","False","3503","218","3721","2816","0","Banking/Credit Cards;Image","finance","0.5","1.3","0.0","0.0","0.1","0.1","0.2","3.9","10","0","I"
"1472173","data/chi-bad-ads-data-main/screenshots/1472173.webp","v2.3","ad-1472173","300_349","0","0.22","other_or_unclear","","insufficient_information","","high","False","3503","212","3715","2816","0","Google Responsive;Software Download","","1.9090909090909087","0.8181818181818183","0.3636363636363637","0.6363636363636364","0.1818181818181818","0.0","0.2727272727272727","2.8181818181818183","11","4","L"
"1472186","data/chi-bad-ads-data-main/screenshots/1472186.webp","v2.3","ad-1472186","300_349","1","0.93","financial_or_business_opportunity","misleading_advertising|recognition_of_advertising","missing_material_information|unclear_or_hidden_commercial_intent|objective_claim_requires_substantiation","2.1|2.4|3.1|3.3|3.7|3.9|3.10|20.1|20.8","medium","True","3547","296","3843","2816","0","Legal Services;Native","","1.4","0.9","0.5","0.4","0.2","0.0","0.2","3.3","10","0","L"
"1472231","data/chi-bad-ads-data-main/screenshots/1472231.webp","v2.3","ad-1472231","300_349","0","0.18","other_or_unclear","","insufficient_information","","high","False","3503","204","3707","2816","0","Image;Real Estate","","0.6000000000000001","1.0","0.1","0.0","0.0","0.0","0.1","4.3","10","4","I"
"1472265","data/chi-bad-ads-data-main/screenshots/1472265.webp","v2.3","ad-1472265","300_349","0","0.18","other_or_unclear","recognition_of_advertising","insufficient_information","2.1|2.4","low","False","3543","235","3778","2816","0","Banking/Credit Cards;Image;Public Relations","finance","0.6000000000000001","1.6","0.1","0.1","0.1","0.0","0.2","4.8","10","2","I"
"1472295","data/chi-bad-ads-data-main/screenshots/1472295.webp","v2.3","ad-1472295","300_349","1","0.44","misleading_advertising","","misleading_price_or_offer|missing_material_information","3.1|3.3|3.9|3.10|3.17","medium","True","3522","256","3778","2816","0","Cars;Image","","0.8","1.3","0.0","0.0","0.0","0.0","0.3","3.6","10","1","I"
"1472421","data/chi-bad-ads-data-main/screenshots/1472421.webp","v2.3","ad-1472421","300_349","1","0.58","financial_or_business_opportunity","misleading_advertising|recognition_of_advertising","unclear_or_hidden_commercial_intent|missing_material_information","2.1|3.1|3.3|3.5|3.9|3.10|14.1|14.2","medium","True","3512","265","3777","2816","0","Advertorial;Insurance;Native","finance","2.25","0.0833333333333333","0.75","0.6666666666666666","0.4166666666666667","0.0","0.0","2.333333333333333","12","1","U"
"1472434","data/chi-bad-ads-data-main/screenshots/1472434.webp","v2.3","ad-1472434","300_349","0","0.12","other_or_unclear","","insufficient_information","","medium","False","3507","205","3712","2816","0","Food and Drink;Sponsored Content","","0.3","2.5","0.1","0.0","0.0","0.0","0.0","5.3","10","1","C"
"1472445","data/chi-bad-ads-data-main/screenshots/1472445.webp","v2.3","ad-1472445","300_349","1","0.86","financial_or_business_opportunity","misleading_advertising","financial_return_or_investment_risk_claim|missing_material_information|objective_claim_requires_substantiation","3.1|3.3|3.7|14.1|14.2|14.4|20.1|20.8","medium","True","3647","309","3956","2816","0","Image;Mortgages","","2.6","0.0","0.7","0.6","0.3","0.1","0.2","1.7","10","3","T"
"1472484","data/chi-bad-ads-data-main/screenshots/1472484.webp","v2.3","ad-1472484","300_349","0","0.12","other_or_unclear","recognition_of_advertising","insufficient_information","2.1","medium","False","3635","221","3856","2816","0","Beauty Products;Image","health","0.4","1.1","0.1","0.1","0.0","0.0","0.2","4.5","10","3","I"
"1472499","data/chi-bad-ads-data-main/screenshots/1472499.webp","v2.3","ad-1472499","300_349","0","0.15","recognition_of_advertising","","unclear_or_hidden_commercial_intent","2.1|2.4","high","False","3698","202","3900","2816","0","Consumer Tech;Image","","0.8","1.3","0.2","0.2","0.1","0.0","0.1","3.8","10","1","G"
"1472601","data/chi-bad-ads-data-main/screenshots/1472601.webp","v2.3","ad-1472601","300_349","1","0.62","misleading_advertising","recognition_of_advertising","misleading_price_or_offer|unclear_or_hidden_commercial_intent|missing_material_information","3.1|3.3|3.9|2.1","medium","True","3613","254","3867","2816","0","Google Responsive;Religious","","1.1","0.6","0.5","0.2","0.1","0.0","0.1","3.1","10","2","Q"
"1472638","data/chi-bad-ads-data-main/screenshots/1472638.webp","v2.3","ad-1472638","300_349","0","0.18","other_or_unclear","","insufficient_information","","high","False","3489","208","3697","2816","0","Humanitarian;Image","","0.8","1.5","0.0","0.1","0.1","0.0","0.3","4.9","10","2","D"
"1472730","data/chi-bad-ads-data-main/screenshots/1472730.webp","v2.3","ad-1472730","300_349","1","0.62","recognition_of_advertising","misleading_advertising","unclear_or_hidden_commercial_intent|cross_modal_mismatch|insufficient_information","2.1|2.3|2.4|3.1|3.3","medium","True","3503","250","3753","2816","0","Image;Social Media","","1.4","1.0","0.4","0.1","0.2","0.1","0.2","3.5","10","1","G"
"1472734","data/chi-bad-ads-data-main/screenshots/1472734.webp","v2.3","ad-1472734","300_349","0","0.12","other_or_unclear","","insufficient_information","","high","False","3450","184","3634","2816","0","Insurance;Sponsored Content","finance","0.3636363636363637","1.727272727272727","0.0909090909090909","0.0909090909090909","0.0909090909090909","0.0","0.0","3.636363636363636","11","2","D"
"1473002","data/chi-bad-ads-data-main/screenshots/1473002.webp","v2.3","ad-1473002","300_349","1","0.62","financial_or_business_opportunity","misleading_advertising","objective_claim_requires_substantiation|insufficient_information","3.1|3.7|20.7","medium","True","3503","257","3760","2816","0","Contest;Sponsored Content","","0.5","1.0","0.1","0.0","0.0","0.1","0.2","4.1","10","0","I"
"1473205","data/chi-bad-ads-data-main/screenshots/1473205.webp","v2.3","ad-1473205","300_349","1","0.91","health_medical_or_wellbeing_claim","misleading_advertising|recognition_of_advertising","fear_distress_or_shock_tactic|health_cure_prevention_or_weight_loss_claim|unclear_or_hidden_commercial_intent","12|15.1|15.6|3.1|3.3|3.9|2.1|2.4|4.2","medium","True","3819","296","4115","2816","0","Health and Supplements;Image","health","2.8181818181818183","0.0909090909090909","0.6363636363636364","0.7272727272727273","0.2727272727272727","0.1818181818181818","0.1818181818181818","1.818181818181818","11","2","U"
"1473358","data/chi-bad-ads-data-main/screenshots/1473358.webp","v2.3","ad-1473358","300_349","0","0.18","other_or_unclear","","insufficient_information","","high","False","3479","205","3684","2816","0","Food and Drink;Listicle;Native","","1.181818181818182","0.7272727272727273","0.6363636363636364","0.1818181818181818","0.0909090909090909","0.0","0.2727272727272727","4.181818181818182","11","3","G"
"1473380","data/chi-bad-ads-data-main/screenshots/1473380.webp","v2.3","ad-1473380","300_349","1","0.52","harm_or_offence","recognition_of_advertising","offensive_or_harmful_stereotype|unclear_or_hidden_commercial_intent","4.1|4.9|2.1","medium","True","3479","245","3724","2816","0","Human Interest;Listicle;Native","","2.2","0.2","0.8","0.5","0.2","0.2","0.1","2.7","10","2","T"
"1473388","data/chi-bad-ads-data-main/screenshots/1473388.webp","v2.3","ad-1473388","350_399","1","0.8","health_medical_or_wellbeing_claim","misleading_advertising","health_cure_prevention_or_weight_loss_claim|objective_claim_requires_substantiation","12|15.1|3.1|3.7|3.11","medium","True","3827","243","4070","2816","0","Advertorial;Google Responsive;Health and Supplements","health","2.5","0.2","0.7","0.8","0.1","0.2","0.1","2.3","10","1","U"
"1473440","data/chi-bad-ads-data-main/screenshots/1473440.webp","v2.3","ad-1473440","350_399","0","0.12","other_or_unclear","","insufficient_information","","high","False","3503","229","3732","2816","0","Contest;Image;Sports","","0.3","1.9","0.1","0.0","0.0","0.0","0.1","4.7","10","2","D"
"1473546","data/chi-bad-ads-data-main/screenshots/1473546.webp","v2.3","ad-1473546","350_399","0","0.12","recognition_of_advertising","","insufficient_information","","high","False","3561","175","3736","2816","0","Games and Toys;Image;Journalism;Self-Link","","0.5","1.0","0.1","0.0","0.3","0.0","0.1","4.3","10","1","I"
"1473601","data/chi-bad-ads-data-main/screenshots/1473601.webp","v2.3","ad-1473601","350_399","0","0.18","other_or_unclear","recognition_of_advertising","insufficient_information","","low","False","3515","238","3753","2816","0","Image;Scientific Journal;Self-Link","","1.0","0.9","0.1","0.1","0.0","0.1","0.4","3.4","10","1","I"
"1473602","data/chi-bad-ads-data-main/screenshots/1473602.webp","v2.3","ad-1473602","350_399","0","0.12","other_or_unclear","recognition_of_advertising","insufficient_information","","medium","False","3635","230","3865","2816","0","Poll","","1.1","0.8","0.3","0.1","0.1","0.1","0.2","3.5","10","1","M"
"1473666","data/chi-bad-ads-data-main/screenshots/1473666.webp","v2.3","ad-1473666","350_399","0","0.12","other_or_unclear","","insufficient_information","","high","False","3503","186","3689","0","0","Image;Journalism;Self-Link","","0.7000000000000001","1.3","0.0","0.1","0.2","0.0","0.4","3.9","10","1","H"
"1473717","data/chi-bad-ads-data-main/screenshots/1473717.webp","v2.3","ad-1473717","350_399","1","0.68","recognition_of_advertising","misleading_advertising","unclear_or_hidden_commercial_intent|cross_modal_mismatch|insufficient_information","2.1|2.3|2.4|3.1|3.3","medium","True","3449","248","3697","0","0","Human Interest;Listicle;Native","","2.0","0.4","0.7","0.3","0.2","0.5","0.1","2.6","10","1","R"
"1473738","data/chi-bad-ads-data-main/screenshots/1473738.webp","v2.3","ad-1473738","350_399","1","0.77","health_medical_or_wellbeing_claim","recognition_of_advertising|misleading_advertising","health_cure_prevention_or_weight_loss_claim|unclear_or_hidden_commercial_intent|objective_claim_requires_substantiation","2.1|3.1|3.3|3.7|12|15.1","medium","True","3651","258","3909","2816","0","Advertorial;Health and Supplements;Native","health","1.5","1.4","0.7","0.4","0.3","0.0","0.0","3.7","10","1","G"
"1473756","data/chi-bad-ads-data-main/screenshots/1473756.webp","v2.3","ad-1473756","350_399","1","0.71","recognition_of_advertising","other_or_unclear","unclear_or_hidden_commercial_intent|cross_modal_mismatch","2.1|2.4|3.1","medium","True","3449","232","3681","2816","0","Human Interest;Listicle;Native","","2.7","0.1","0.5","0.3","0.2","0.7","0.3","1.7","10","1","R"
"1473762","data/chi-bad-ads-data-main/screenshots/1473762.webp","v2.3","ad-1473762","350_399","1","0.85","health_medical_or_wellbeing_claim","misleading_advertising","health_cure_prevention_or_weight_loss_claim|objective_claim_requires_substantiation","12|15.1|3.1|3.7","high","True","3525","220","3745","2816","0","Health and Supplements;Native","health","1.4","0.9","0.3","0.4","0.1","0.0","0.2","3.2","10","0","L"
"1473773","data/chi-bad-ads-data-main/screenshots/1473773.webp","v2.3","ad-1473773","350_399","1","0.77","misleading_advertising","recognition_of_advertising","cross_modal_mismatch|objective_claim_requires_substantiation","3.1|3.7|3.11|2.1","medium","True","3443","270","3713","2816","0","Human Interest;Listicle;Native","","2.0","0.2","0.7","0.5","0.1","0.4","0.0","2.4","10","1","R"
"1473802","data/chi-bad-ads-data-main/screenshots/1473802.webp","v2.3","ad-1473802","350_399","1","0.58","recognition_of_advertising","misleading_advertising","cross_modal_mismatch|unclear_or_hidden_commercial_intent","2.1|2.3|2.4|3.1|3.3","medium","True","3443","253","3696","2816","0","Celebrity News;Listicle;Native","","2.6","0.1","0.9","0.5","0.3","0.2","0.1","1.7","10","1","U"
"1473914","data/chi-bad-ads-data-main/screenshots/1473914.webp","v2.3","ad-1473914","350_399","1","0.52","recognition_of_advertising","misleading_advertising","cross_modal_mismatch|unclear_or_hidden_commercial_intent|insufficient_information","2.1|2.4|3.1","medium","True","3443","243","3686","2816","0","Celebrity News;Listicle;Native","","2.7","0.0","1.0","0.4","0.1","0.3","0.2","2.0","10","0","U"
"1473958","data/chi-bad-ads-data-main/screenshots/1473958.webp","v2.3","ad-1473958","350_399","0","0.08","other_or_unclear","","insufficient_information","","high","False","3527","220","3747","2816","0","B2B Products;Image","","0.6000000000000001","1.1","0.1","0.1","0.0","0.0","0.2","3.9","10","2","I"
"1474143","data/chi-bad-ads-data-main/screenshots/1474143.webp","v2.3","ad-1474143","350_399","0","0.23","other_or_unclear","misleading_advertising","insufficient_information","","high","False","3521","200","3721","2816","0","B2B Products;Image","","0.6","1.4","0.3","0.1","0.0","0.0","0.0","3.6","10","0","G"
"1474246","data/chi-bad-ads-data-main/screenshots/1474246.webp","v2.3","ad-1474246","350_399","0","0.08","other_or_unclear","","insufficient_information","","high","False","3489","180","3669","2816","0","B2B Products;Image","","0.4","1.7","0.0","0.0","0.0","0.0","0.3","4.3","10","2","D"
"1474249","data/chi-bad-ads-data-main/screenshots/1474249.webp","v2.3","ad-1474249","350_399","0","0.08","other_or_unclear","","insufficient_information","","high","False","3489","187","3676","2816","0","B2B Products;Image","","0.3","1.6","0.0","0.0","0.0","0.0","0.3","4.5","10","2","D"
"1474351","data/chi-bad-ads-data-main/screenshots/1474351.webp","v2.3","ad-1474351","350_399","1","0.64","recognition_of_advertising","misleading_advertising","unclear_or_hidden_commercial_intent|missing_material_information","2.1|2.3|2.4|3.1|3.3","medium","True","3539","274","3813","2816","0","Image;Journalism;Self-Link","","0.6","0.8","0.1","0.0","0.1","0.0","0.3","3.7","10","2","I"
"1474410","data/chi-bad-ads-data-main/screenshots/1474410.webp","v2.3","ad-1474410","350_399","0","0.18","other_or_unclear","recognition_of_advertising","insufficient_information","2.1","high","False","3635","209","3844","2816","0","Image;Real Estate","","0.5","1.8","0.0","0.1","0.0","0.0","0.1","4.0","10","1","D"
"1474471","data/chi-bad-ads-data-main/screenshots/1474471.webp","v2.3","ad-1474471","350_399","0","0.08","other_or_unclear","","insufficient_information","","high","False","3579","185","3764","2816","0","Apparel;Image","","0.3","1.6","0.0","0.0","0.0","0.0","0.0","4.3","10","1","D"
"1474545","data/chi-bad-ads-data-main/screenshots/1474545.webp","v2.3","ad-1474545","350_399","1","0.62","misleading_advertising","recognition_of_advertising","objective_claim_requires_substantiation|unclear_or_hidden_commercial_intent","3.1|3.7|2.1|2.4","medium","True","3515","262","3777","2816","0","Banking/Credit Cards;Sponsored Content","finance","0.7","1.4","0.5","0.0","0.1","0.0","0.0","3.6","10","5","G"
"1474632","data/chi-bad-ads-data-main/screenshots/1474632.webp","v2.3","ad-1474632","350_399","1","0.78","health_medical_or_wellbeing_claim","misleading_advertising|recognition_of_advertising","health_cure_prevention_or_weight_loss_claim|objective_claim_requires_substantiation|unclear_or_hidden_commercial_intent","12|15.1|3.1|3.7|2.1|2.4","medium","True","3465","290","3755","2816","0","Health and Supplements;Native","health","2.3","0.2","0.9","0.7","0.1","0.0","0.2","2.7","10","2","U"
"1474636","data/chi-bad-ads-data-main/screenshots/1474636.webp","v2.3","ad-1474636","350_399","1","0.54","recognition_of_advertising","misleading_advertising","cross_modal_mismatch|unclear_or_hidden_commercial_intent","2.1|2.3|2.4|3.1","medium","True","3503","251","3754","2816","0","Advertorial;Consumer Tech;Native","","1.3","0.7000000000000001","0.4","0.4","0.0","0.0","0.2","3.7","10","1","L"
"1474724","data/chi-bad-ads-data-main/screenshots/1474724.webp","v2.3","ad-1474724","350_399","0","0.18","other_or_unclear","recognition_of_advertising","insufficient_information","","high","False","3871","216","4087","2816","0","Household Products;Image","","0.4","2.0","0.1","0.1","0.1","0.0","0.0","5.0","10","1","D"
"1474786","data/chi-bad-ads-data-main/screenshots/1474786.webp","v2.3","ad-1474786","350_399","1","0.86","recognition_of_advertising","misleading_advertising","unclear_or_hidden_commercial_intent|cross_modal_mismatch|missing_material_information","2.1|2.3|2.4|3.1|3.3","medium","True","3635","272","3907","2816","0","Image;Political Content;Political Poll","","0.5","1.9","0.2","0.1","0.1","0.0","0.1","3.8","10","0","C"
"1474796","data/chi-bad-ads-data-main/screenshots/1474796.webp","v2.3","ad-1474796","350_399","1","0.79","health_medical_or_wellbeing_claim","misleading_advertising","health_cure_prevention_or_weight_loss_claim|objective_claim_requires_substantiation|missing_material_information","12|15.1|3.1|3.3|3.7|3.9|3.11","medium","True","3704","263","3967","2816","0","Advertorial;Google Responsive;Health and Supplements","health","2.2","0.1","0.6","0.8","0.0","0.2","0.1","2.5","10","4","T"
"1474809","data/chi-bad-ads-data-main/screenshots/1474809.webp","v2.3","ad-1474809","350_399","0","0.05","recognition_of_advertising","","insufficient_information","2.1","high","False","3515","204","3719","2816","0","Gifts;Image","","0.0","2.2","0.0","0.0","0.0","0.0","0.0","4.8","10","3","D"
"1474812","data/chi-bad-ads-data-main/screenshots/1474812.webp","v2.3","ad-1474812","350_399","0","0.12","other_or_unclear","","insufficient_information","","high","False","3525","210","3735","2816","0","B2B Products;Image","","0.0","1.9090909090909087","0.0","0.0","0.0","0.0","0.0","5.181818181818182","11","2","D"
"1474819","data/chi-bad-ads-data-main/screenshots/1474819.webp","v2.3","ad-1474819","350_399","0","0.18","other_or_unclear","","insufficient_information","","high","False","3518","215","3733","0","0","B2B Products;Image","","0.5","1.4","0.1","0.1","0.0","0.1","0.1","4.1","10","0","I"
"1474920","data/chi-bad-ads-data-main/screenshots/1474920.webp","v2.3","ad-1474920","350_399","0","0.18","other_or_unclear","","insufficient_information","","high","False","3531","208","3739","2816","0","B2B Products;Image","","0.6","1.2","0.0","0.0","0.2","0.0","0.3","4.2","10","2","I"
"1474994","data/chi-bad-ads-data-main/screenshots/1474994.webp","v2.3","ad-1474994","350_399","1","0.68","recognition_of_advertising","misleading_advertising","cross_modal_mismatch|unclear_or_hidden_commercial_intent|missing_material_information","2.1|2.3|2.4|3.1|3.3","medium","True","3515","245","3760","2816","0","Advertorial;Computer Security-related;Native;Software Download","","2.1","0.0","0.7","0.5","0.4","0.0","0.0","2.1","10","1","U"
"1475019","data/chi-bad-ads-data-main/screenshots/1475019.webp","v2.3","ad-1475019","350_399","1","0.78","financial_or_business_opportunity","misleading_advertising","misleading_price_or_offer|financial_return_or_investment_risk_claim|missing_material_information|insufficient_information","3.1|3.3|3.9|3.10|3.17|14.1|14.2|14.4","medium","True","3515","298","3813","2816","0","Advertorial;Insurance;Native","finance","2.1","0.2","0.7","0.4","0.4","0.1","0.1","2.2","10","3","R"
"1475235","data/chi-bad-ads-data-main/screenshots/1475235.webp","v2.3","ad-1475235","350_399","1","0.68","recognition_of_advertising","misleading_advertising","unclear_or_hidden_commercial_intent|cross_modal_mismatch|objective_claim_requires_substantiation","2.1|2.3|2.4|3.1|3.6|3.7","medium","True","3810","316","4126","2816","0","Native;Software Download","","1.090909090909091","1.6363636363636365","0.2727272727272727","0.1818181818181818","0.1818181818181818","0.0909090909090909","0.0","4.636363636363637","11","3","G"
"1475257","data/chi-bad-ads-data-main/screenshots/1475257.webp","v2.3","ad-1475257","350_399","0","0.12","other_or_unclear","","insufficient_information","","high","False","3704","176","3880","2816","0","Cars;Image","","0.5","1.8","0.0","0.1","0.1","0.0","0.1","4.3","10","3","D"
"1475331","data/chi-bad-ads-data-main/screenshots/1475331.webp","v2.3","ad-1475331","350_399","1","0.56","misleading_advertising","financial_or_business_opportunity","misleading_price_or_offer|missing_material_information|objective_claim_requires_substantiation","3.1|3.3|3.7|3.9|3.10|3.17","medium","True","3752","285","4037","2816","0","Google Responsive;Travel","","0.6000000000000001","1.8","0.2","0.1","0.1","0.0","0.0","4.8","10","0","C"
"1475369","data/chi-bad-ads-data-main/screenshots/1475369.webp","v2.3","ad-1475369","350_399","1","0.62","recognition_of_advertising","misleading_advertising","unclear_or_hidden_commercial_intent|cross_modal_mismatch","2.1|2.3|2.4|3.1|3.3","medium","True","3551","263","3814","2816","0","Education;Sponsored Content","","0.7000000000000001","1.4","0.0","0.0","0.1","0.0","0.2","4.5","10","4","D"
"1475428","data/chi-bad-ads-data-main/screenshots/1475428.webp","v2.3","ad-1475428","350_399","1","0.64","financial_or_business_opportunity","misleading_advertising","misleading_price_or_offer|missing_material_information|objective_claim_requires_substantiation","3.1|3.3|3.7|3.9|3.10|14.1|20.8","medium","True","3521","257","3778","2816","0","B2B Products;Image","","1.8","1.0","0.3","0.5","0.3","0.0","0.3","3.8","10","3","L"
"1475479","data/chi-bad-ads-data-main/screenshots/1475479.webp","v2.3","ad-1475479","350_399","0","0.08","recognition_of_advertising","","insufficient_information","2.1","high","False","3551","199","3750","2816","0","Insurance;Self-Link;Sponsored Content","finance","0.6000000000000001","0.6","0.2","0.1","0.1","0.0","0.0","3.1","10","1","I"
"1475480","data/chi-bad-ads-data-main/screenshots/1475480.webp","v2.3","ad-1475480","350_399","1","0.81","financial_or_business_opportunity","misleading_advertising","financial_return_or_investment_risk_claim|objective_claim_requires_substantiation|missing_material_information","14.1|14.4|3.1|3.3|3.7|3.9","medium","True","3521","272","3793","2816","0","Google Responsive;Investment Pitch","finance","1.909090909090909","0.2727272727272727","0.4545454545454545","0.5454545454545454","0.1818181818181818","0.0","0.1818181818181818","2.272727272727273","11","3","Q"
"1475508","data/chi-bad-ads-data-main/screenshots/1475508.webp","v2.3","ad-1475508","350_399","0","0.12","other_or_unclear","","insufficient_information","","high","False","3704","207","3911","2816","0","B2B Products;Image;Self-Link","","0.6666666666666666","1.3333333333333333","0.1666666666666666","0.0","0.0833333333333333","0.0","0.3333333333333333","4.416666666666667","12","0","D"
"1475583","data/chi-bad-ads-data-main/screenshots/1475583.webp","v2.3","ad-1475583","350_399","1","0.41","recognition_of_advertising","misleading_advertising","unclear_or_hidden_commercial_intent|objective_claim_requires_substantiation","2.1|3.1|3.7","medium","True","3489","264","3753","2816","0","B2B Products;Google Responsive;Sponsored Search","","0.8181818181818183","0.7272727272727274","0.0909090909090909","0.1818181818181818","0.0","0.1818181818181818","0.1818181818181818","3.4545454545454546","11","0","I"
"1475601","data/chi-bad-ads-data-main/screenshots/1475601.webp","v2.3","ad-1475601","350_399","0","0.14","other_or_unclear","misleading_advertising","insufficient_information","","high","False","3561","205","3766","2816","0","Google Responsive;Travel","","0.8","0.7000000000000001","0.2","0.3","0.1","0.0","0.0","3.1","10","2","L"
"1475612","data/chi-bad-ads-data-main/screenshots/1475612.webp","v2.3","ad-1475612","350_399","1","0.45","misleading_advertising","financial_or_business_opportunity","objective_claim_requires_substantiation|missing_material_information","3.1|3.3|3.7|3.9|14.2|20.8","medium","True","3533","254","3787","2816","0","Education;Image","","0.3","2.1","0.0","0.1","0.2","0.0","0.0","4.6","10","2","D"
"1475620","data/chi-bad-ads-data-main/screenshots/1475620.webp","v2.3","ad-1475620","350_399","1","0.55","misleading_advertising","recognition_of_advertising","objective_claim_requires_substantiation|unclear_or_hidden_commercial_intent","3.1|3.7|2.1","medium","True","3827","263","4090","0","0","Entertainment;Google Responsive","","1.3636363636363635","0.6363636363636365","0.5454545454545454","0.4545454545454545","0.0909090909090909","0.0","0.0909090909090909","3.636363636363636","11","1","R"
"1475695","data/chi-bad-ads-data-main/screenshots/1475695.webp","v2.3","ad-1475695","350_399","0","0.12","other_or_unclear","recognition_of_advertising","insufficient_information","","high","False","3489","195","3684","0","0","Image;Journalism;Self-Link","","0.3846153846153846","1.5384615384615383","0.0769230769230769","0.0769230769230769","0.0769230769230769","0.0","0.0769230769230769","4.307692307692308","13","3","D"
"1475803","data/chi-bad-ads-data-main/screenshots/1475803.webp","v2.3","ad-1475803","350_399","1","0.46","misleading_advertising","recognition_of_advertising","objective_claim_requires_substantiation","3.1|3.7|2.1","medium","True","3536","262","3798","2816","0","Image;Scientific Journal;Self-Link","","1.6","0.7","0.4","0.4","0.0","0.0","0.5","3.1","10","3","Q"
"1475997","data/chi-bad-ads-data-main/screenshots/1475997.webp","v2.3","ad-1475997","350_399","1","0.72","recognition_of_advertising","misleading_advertising","unclear_or_hidden_commercial_intent|cross_modal_mismatch|insufficient_information","2.1|2.3|2.4|3.1|3.3","medium","True","4039","275","4314","2816","0","Human Interest;Listicle;Native","","1.272727272727273","0.8181818181818181","0.6363636363636364","0.1818181818181818","0.0","0.0","0.0909090909090909","3.727272727272727","11","2","R"
"1476110","data/chi-bad-ads-data-main/screenshots/1476110.webp","v2.3","ad-1476110","350_399","0","0.18","recognition_of_advertising","","insufficient_information","2.1","high","False","3566","195","3761","2816","0","B2B Products;Sponsored Content","","1.2","0.6","0.3","0.2","0.0","0.0","0.2","2.5","10","3","L"
"1476136","data/chi-bad-ads-data-main/screenshots/1476136.webp","v2.3","ad-1476136","350_399","1","0.66","recognition_of_advertising","misleading_advertising","unclear_or_hidden_commercial_intent|cross_modal_mismatch|objective_claim_requires_substantiation","2.1|2.4|3.1|3.7","medium","True","3599","264","3863","2816","0","COVID Products;Native","","0.5","2.3","0.3","0.2","0.0","0.0","0.0","4.8","10","1","G"
"1476143","data/chi-bad-ads-data-main/screenshots/1476143.webp","v2.3","ad-1476143","350_399","1","0.56","recognition_of_advertising","misleading_advertising","unclear_or_hidden_commercial_intent|cross_modal_mismatch|missing_material_information","2.1|2.3|2.4|3.1|3.3|3.5","medium","True","4232","260","4492","2816","0","Banking/Credit Cards;Sponsored Content","finance","1.0","1.5","0.3","0.1","0.1","0.0","0.2","3.8","10","0","G"
"1476202","data/chi-bad-ads-data-main/screenshots/1476202.webp","v2.3","ad-1476202","400_449","0","0.2","other_or_unclear","","insufficient_information","","high","False","3613","225","3838","2816","0","B2B Products;Image","","0.7272727272727273","0.7272727272727274","0.0909090909090909","0.0909090909090909","0.0909090909090909","0.0","0.2727272727272727","3.1818181818181817","11","1","I"
"1476227","data/chi-bad-ads-data-main/screenshots/1476227.webp","v2.3","ad-1476227","400_449","0","0.24","health_medical_or_wellbeing_claim","","insufficient_information","12","high","False","3515","213","3728","2816","0","Image;Medical Services and Prescriptions","health","0.3","1.7000000000000002","0.1","0.0","0.1","0.0","0.0","4.3","10","2","D"
"1476238","data/chi-bad-ads-data-main/screenshots/1476238.webp","v2.3","ad-1476238","400_449","0","0.08","other_or_unclear","","insufficient_information","","high","False","3515","201","3716","2816","0","Games and Toys;Google Responsive","","0.8","1.1","0.2","0.3","0.1","0.0","0.0","3.6","10","2","G"
"1476490","data/chi-bad-ads-data-main/screenshots/1476490.webp","v2.3","ad-1476490","400_449","0","0.12","other_or_unclear","","insufficient_information","","high","False","3561","201","3762","2816","0","Apparel;Image","","1.0","0.4","0.0","0.3","0.1","0.0","0.0","3.4","10","0","L"
"1476550","data/chi-bad-ads-data-main/screenshots/1476550.webp","v2.3","ad-1476550","400_449","0","0.22","other_or_unclear","financial_or_business_opportunity","insufficient_information","","high","False","3613","187","3800","2816","0","Education;Image","","0.6363636363636365","1.0","0.0","0.0909090909090909","0.0909090909090909","0.0","0.0909090909090909","3.4545454545454546","11","0","I"
"1476603","data/chi-bad-ads-data-main/screenshots/1476603.webp","v2.3","ad-1476603","400_449","0","0.22","other_or_unclear","misleading_advertising|recognition_of_advertising","insufficient_information","","high","False","3635","229","3864","2816","0","Apparel;Google Responsive","","1.2","0.9","0.4","0.3","0.1","0.0","0.1","3.6","10","3","L"
"1476615","data/chi-bad-ads-data-main/screenshots/1476615.webp","v2.3","ad-1476615","400_449","0","0.18","other_or_unclear","recognition_of_advertising","insufficient_information","2.1","high","False","3561","214","3775","2816","0","Google Responsive;Household Products","","0.4","1.4","0.0","0.0","0.0","0.0","0.1","4.8","10","3","D"
"1476767","data/chi-bad-ads-data-main/screenshots/1476767.webp","v2.3","ad-1476767","400_449","0","0.12","other_or_unclear","recognition_of_advertising","insufficient_information","2.1","high","False","3503","220","3723","2816","0","Humanitarian;Image","","0.8","1.0","0.1","0.1","0.3","0.0","0.1","4.0","10","2","I"
"1476790","data/chi-bad-ads-data-main/screenshots/1476790.webp","v2.3","ad-1476790","400_449","1","0.68","recognition_of_advertising","misleading_advertising","unclear_or_hidden_commercial_intent|insufficient_information","2.1|2.4","medium","True","3599","232","3831","2816","0","Image;Journalism;Self-Link","","0.8181818181818182","0.7272727272727273","0.0909090909090909","0.1818181818181818","0.0909090909090909","0.0909090909090909","0.0909090909090909","3.363636363636364","11","1","G"
"1476817","data/chi-bad-ads-data-main/screenshots/1476817.webp","v2.3","ad-1476817","400_449","1","0.72","recognition_of_advertising","misleading_advertising","unclear_or_hidden_commercial_intent|cross_modal_mismatch|missing_material_information","2.1|2.3|2.4|3.1|3.3","medium","True","3647","271","3918","2816","0","Image;Journalism;Self-Link","","0.6","1.1","0.1","0.1","0.0","0.0","0.3","4.0","10","3","J"
"1476836","data/chi-bad-ads-data-main/screenshots/1476836.webp","v2.3","ad-1476836","400_449","1","0.78","health_medical_or_wellbeing_claim","misleading_advertising","health_cure_prevention_or_weight_loss_claim|objective_claim_requires_substantiation","12|3.1|3.7|15.1","medium","True","3647","235","3882","2816","0","Image;Medical Services and Prescriptions","health","0.9","1.6","0.1","0.2","0.1","0.1","0.1","3.4","10","2","G"
"1476838","data/chi-bad-ads-data-main/screenshots/1476838.webp","v2.3","ad-1476838","400_449","0","0.08","recognition_of_advertising","misleading_advertising","insufficient_information","","high","False","3507","234","3741","2816","0","Sponsored Content;Travel","","0.5454545454545455","1.818181818181818","0.0909090909090909","0.0909090909090909","0.0909090909090909","0.0","0.0909090909090909","4.727272727272728","11","2","D"
"1476876","data/chi-bad-ads-data-main/screenshots/1476876.webp","v2.3","ad-1476876","400_449","0","0.18","other_or_unclear","","insufficient_information","","medium","False","3489","212","3701","2816","0","Food and Drink;Image","","0.2727272727272727","2.4545454545454546","0.0","0.0909090909090909","0.0909090909090909","0.0","0.0","4.727272727272728","11","5","D"
"1476879","data/chi-bad-ads-data-main/screenshots/1476879.webp","v2.3","ad-1476879","400_449","1","0.56","recognition_of_advertising","misleading_advertising","unclear_or_hidden_commercial_intent|insufficient_information","2.1|2.4|3.1","medium","True","3503","229","3732","2816","0","Banking/Credit Cards;Google Responsive","finance","1.1","0.3","0.6","0.1","0.0","0.0","0.1","2.6","10","2","L"
"1476883","data/chi-bad-ads-data-main/screenshots/1476883.webp","v2.3","ad-1476883","400_449","0","0.08","other_or_unclear","","insufficient_information","","high","False","3489","203","3692","2816","0","Apparel;Image;Sports","","0.2","1.9","0.1","0.0","0.0","0.0","0.0","4.8","10","4","D"
"1476889","data/chi-bad-ads-data-main/screenshots/1476889.webp","v2.3","ad-1476889","400_449","1","0.62","recognition_of_advertising","health_medical_or_wellbeing_claim|misleading_advertising","objective_claim_requires_substantiation|insufficient_information","2.1|3.1|12|15.1","medium","True","3493","263","3756","2816","0","Image;Scientific Journal;Self-Link","","0.3","2.6","0.1","0.2","0.0","0.0","0.0","5.4","10","1","C"
"1476898","data/chi-bad-ads-data-main/screenshots/1476898.webp","v2.3","ad-1476898","400_449","0","0.12","recognition_of_advertising","","insufficient_information","","high","False","3545","201","3746","2816","0","Advertorial;B2B Products;Google Responsive","","1.0","0.4","0.1","0.1","0.0","0.0","0.5","3.0","10","3","P"
"1476943","data/chi-bad-ads-data-main/screenshots/1476943.webp","v2.3","ad-1476943","400_449","0","0.18","other_or_unclear","","objective_claim_requires_substantiation","3.7","high","False","3871","213","4084","2816","0","Image;Pets","","0.2","2.0","0.0","0.0","0.0","0.0","0.2","5.4","10","5","A"
"1476967","data/chi-bad-ads-data-main/screenshots/1476967.webp","v2.3","ad-1476967","400_449","1","0.78","financial_or_business_opportunity","misleading_advertising","earnings_or_business_opportunity_claim|objective_claim_requires_substantiation|missing_material_information","3.1|3.3|3.7|14.1|14.2|20.7|20.8","medium","True","3657","261","3918","2816","0","Consumer Tech;Image","","0.7000000000000001","1.9","0.1","0.1","0.1","0.0","0.2","4.4","10","1","D"
"1477037","data/chi-bad-ads-data-main/screenshots/1477037.webp","v2.3","ad-1477037","400_449","0","0.12","other_or_unclear","","insufficient_information","","high","False","3923","192","4115","2816","0","Household Products;Image","","0.4","2.0","0.0","0.1","0.0","0.0","0.3","4.3","10","3","D"
"1477062","data/chi-bad-ads-data-main/screenshots/1477062.webp","v2.3","ad-1477062","400_449","1","0.58","health_medical_or_wellbeing_claim","misleading_advertising|recognition_of_advertising","objective_claim_requires_substantiation|missing_material_information","12|15.1|3.1|3.3|3.7|2.1|2.4","medium","True","3625","274","3899","2816","0","Apparel;Sponsored Content","","0.7","1.3","0.2","0.3","0.0","0.0","0.0","4.1","10","1","G"
"1477101","data/chi-bad-ads-data-main/screenshots/1477101.webp","v2.3","ad-1477101","400_449","1","0.88","recognition_of_advertising","misleading_advertising|health_medical_or_wellbeing_claim","unclear_or_hidden_commercial_intent|cross_modal_mismatch|health_cure_prevention_or_weight_loss_claim|objective_claim_requires_substantiation","2.1|2.3|2.4|3.1|3.7|12|15.1","high","True","3666","293","3959","2816","0","COVID Products;Native","","1.7","1.6","0.5","0.4","0.0","0.0","0.3","4.2","10","2","L"
"1477164","data/chi-bad-ads-data-main/screenshots/1477164.webp","v2.3","ad-1477164","400_449","0","0.12","other_or_unclear","","insufficient_information","","high","False","3635","217","3852","2816","0","Apparel;Image","","2.1","0.6000000000000001","0.7","0.3","0.2","0.4","0.1","3.4","10","0","R"
"1477175","data/chi-bad-ads-data-main/screenshots/1477175.webp","v2.3","ad-1477175","400_449","1","0.82","recognition_of_advertising","misleading_advertising","unclear_or_hidden_commercial_intent|cross_modal_mismatch|insufficient_information","2.1|2.3|2.4|3.1|3.3","medium","True","3522","263","3785","2816","0","Human Interest;Listicle;Native","","2.4","0.2","0.8","0.4","0.2","0.5","0.3","2.5","10","1","R"
"1477184","data/chi-bad-ads-data-main/screenshots/1477184.webp","v2.3","ad-1477184","400_449","1","0.68","recognition_of_advertising","misleading_advertising","cross_modal_mismatch|unclear_or_hidden_commercial_intent|insufficient_information","2.1|2.4|3.1|3.3","medium","True","3666","237","3903","2816","0","Human Interest;Listicle;Native","","1.8","0.7","0.8","0.4","0.2","0.2","0.1","2.4","10","1","R"
"1477197","data/chi-bad-ads-data-main/screenshots/1477197.webp","v2.3","ad-1477197","400_449","1","0.58","recognition_of_advertising","misleading_advertising","unclear_or_hidden_commercial_intent|insufficient_information","2.1|2.4|3.1|3.3","medium","True","3569","267","3836","2816","0","Google Responsive;Political Campaign","","0.7","0.4","0.1","0.3","0.0","0.1","0.1","2.9","10","1","J"
"1477215","data/chi-bad-ads-data-main/screenshots/1477215.webp","v2.3","ad-1477215","400_449","1","0.62","harm_or_offence","misleading_advertising","offensive_or_harmful_stereotype|insufficient_information","4.1|4.9|1.1","medium","True","3569","276","3845","2816","0","Apparel;Image","","1.3","0.6","0.1","0.2","0.2","0.2","0.2","2.4","10","3","M"
"1477335","data/chi-bad-ads-data-main/screenshots/1477335.webp","v2.3","ad-1477335","400_449","1","0.68","recognition_of_advertising","misleading_advertising|other_or_unclear","unclear_or_hidden_commercial_intent|missing_material_information","2.1|2.4|3.1|3.3","medium","True","3536","260","3796","2816","0","Dating;Native","","1.8","0.7000000000000001","0.5","0.4","0.3","0.3","0.1","2.7","10","4","R"
"1477410","data/chi-bad-ads-data-main/screenshots/1477410.webp","v2.3","ad-1477410","400_449","1","0.72","recognition_of_advertising","misleading_advertising","unclear_or_hidden_commercial_intent|misleading_price_or_offer|objective_claim_requires_substantiation|cross_modal_mismatch","2.1|2.3|2.4|3.1|3.3|3.7|3.11","medium","True","3525","273","3798","2816","0","Decoy;Google Responsive;Software Download","","2.7","0.1","0.6","0.9","0.3","0.0","0.5","1.7","10","1","U"
"1477559","data/chi-bad-ads-data-main/screenshots/1477559.webp","v2.3","ad-1477559","400_449","0","0.12","other_or_unclear","","insufficient_information","","high","False","3503","201","3704","2816","0","Consumer Tech;Household Products;Image","","0.4","1.7","0.1","0.0","0.1","0.0","0.2","4.4","10","3","D"
"1477576","data/chi-bad-ads-data-main/screenshots/1477576.webp","v2.3","ad-1477576","400_449","0","0.18","other_or_unclear","","insufficient_information","","high","False","4172","205","4377","2816","0","Cars;Image","","1.0","0.7272727272727273","0.2727272727272727","0.0909090909090909","0.0","0.0","0.1818181818181818","3.4545454545454546","11","2","L"
"1477704","data/chi-bad-ads-data-main/screenshots/1477704.webp","v2.3","ad-1477704","400_449","1","0.44","misleading_advertising","financial_or_business_opportunity","missing_material_information|objective_claim_requires_substantiation","3.1|3.3|3.7|3.9","medium","True","3704","218","3922","2816","0","Image;Insurance","finance","0.2","1.5","0.0","0.1","0.1","0.0","0.0","4.3","10","2","C"
"1477859","data/chi-bad-ads-data-main/screenshots/1477859.webp","v2.3","ad-1477859","400_449","0","0.22","other_or_unclear","","insufficient_information","","medium","False","3512","207","3719","2816","0","Consumer Tech;Google Responsive","","0.3","1.8","0.0","0.1","0.0","0.0","0.0","4.6","10","2","D"
"1477895","data/chi-bad-ads-data-main/screenshots/1477895.webp","v2.3","ad-1477895","400_449","1","0.62","financial_or_business_opportunity","misleading_advertising","missing_material_information|misleading_price_or_offer|objective_claim_requires_substantiation","3.1|3.3|3.7|3.9|3.10|14.1|20.7|20.8","medium","True","3507","271","3778","2816","0","Education;Image","","0.0","2.5","0.0","0.0","0.0","0.0","0.0","5.0","10","2","D"
"1477921","data/chi-bad-ads-data-main/screenshots/1477921.webp","v2.3","ad-1477921","400_449","0","0.18","other_or_unclear","","insufficient_information","","high","False","3552","220","3772","2816","0","Household Products;Image","","0.3","1.1","0.0","0.0","0.1","0.0","0.0","4.1","10","1","I"
"1477932","data/chi-bad-ads-data-main/screenshots/1477932.webp","v2.3","ad-1477932","400_449","0","0.08","other_or_unclear","","insufficient_information","","high","False","3518","196","3714","2816","0","Apparel;Image","","0.9","1.2","0.2","0.0","0.1","0.0","0.1","3.7","10","0","I"
"1477944","data/chi-bad-ads-data-main/screenshots/1477944.webp","v2.3","ad-1477944","400_449","1","0.42","financial_or_business_opportunity","misleading_advertising","earnings_or_business_opportunity_claim|unclear_or_hidden_commercial_intent","20.1|20.7|20.8|3.1|3.3","low","True","3503","254","3757","2816","0","Google Responsive;Household Products","","0.8","0.9","0.4","0.3","0.0","0.0","0.0","3.6","10","2","L"
"1477945","data/chi-bad-ads-data-main/screenshots/1477945.webp","v2.3","ad-1477945","400_449","0","0.12","other_or_unclear","recognition_of_advertising","insufficient_information","2.1","high","False","3887","238","4125","2816","0","B2B Products;Image","","0.7000000000000001","1.9","0.1","0.1","0.1","0.0","0.2","4.1","10","3","D"
"1477962","data/chi-bad-ads-data-main/screenshots/1477962.webp","v2.3","ad-1477962","400_449","0","0.05","other_or_unclear","","insufficient_information","","medium","False","3489","212","3701","2816","0","Education;Image","","1.181818181818182","0.9090909090909092","0.0909090909090909","0.0","0.0909090909090909","0.0909090909090909","0.5454545454545454","3.1818181818181817","11","2","I"
"1477968","data/chi-bad-ads-data-main/screenshots/1477968.webp","v2.3","ad-1477968","400_449","0","0.14","other_or_unclear","","insufficient_information","","high","False","3704","200","3904","2816","0","Apparel;Image","","0.1","2.1","0.0","0.0","0.0","0.0","0.1","5.4","10","2","A"
"1477983","data/chi-bad-ads-data-main/screenshots/1477983.webp","v2.3","ad-1477983","400_449","1","0.66","recognition_of_advertising","financial_or_business_opportunity|misleading_advertising","unclear_or_hidden_commercial_intent|misleading_price_or_offer|missing_material_information","2.1|2.4|3.1|3.3|3.9|3.17","medium","True","3541","284","3825","2816","0","Consumer Tech;Contest;Sponsored Content","","0.9","0.5","0.2","0.3","0.3","0.0","0.0","3.3","10","3","Q"
"1477984","data/chi-bad-ads-data-main/screenshots/1477984.webp","v2.3","ad-1477984","400_449","1","0.41","misleading_advertising","recognition_of_advertising","unclear_or_hidden_commercial_intent|objective_claim_requires_substantiation|insufficient_information","2.1|3.1|3.3|3.7","medium","True","3515","256","3771","2816","0","B2B Products;Google Responsive","","1.4","0.0","0.2","0.2","0.0","0.0","0.5","2.5","10","3","P"
"1478023","data/chi-bad-ads-data-main/screenshots/1478023.webp","v2.3","ad-1478023","400_449","0","0.12","other_or_unclear","","insufficient_information","","high","False","3819","217","4036","2816","0","B2B Products;Google Responsive","","0.4","1.1","0.1","0.0","0.2","0.0","0.0","3.8","10","0","D"
"1478147","data/chi-bad-ads-data-main/screenshots/1478147.webp","v2.3","ad-1478147","400_449","0","0.18","other_or_unclear","","insufficient_information","","low","False","3871","209","4080","2816","0","Image;Sports","","1.4","0.3","0.2","0.1","0.1","0.0","0.5","3.4","10","0","P"
"1478276","data/chi-bad-ads-data-main/screenshots/1478276.webp","v2.3","ad-1478276","400_449","1","0.58","financial_or_business_opportunity","misleading_advertising","missing_material_information|objective_claim_requires_substantiation","3.1|3.3|3.7|3.9|14.1|20.8","medium","True","3543","251","3794","2816","0","B2B Products;Image","","0.9","0.4","0.2","0.0","0.0","0.0","0.4","3.5","10","0","P"
"1478285","data/chi-bad-ads-data-main/screenshots/1478285.webp","v2.3","ad-1478285","400_449","1","0.62","recognition_of_advertising","misleading_advertising","unclear_or_hidden_commercial_intent|cross_modal_mismatch|insufficient_information","2.1|2.3|2.4|3.1","medium","True","3680","275","3955","2816","0","B2B Products;Poll","","1.0","0.2","0.1","0.2","0.0","0.0","0.3","3.0","10","1","P"
"1478327","data/chi-bad-ads-data-main/screenshots/1478327.webp","v2.3","ad-1478327","400_449","1","0.63","recognition_of_advertising","misleading_advertising|financial_or_business_opportunity","unclear_or_hidden_commercial_intent|missing_material_information","2.1|2.3|3.3|3.1","medium","True","3489","271","3760","2816","0","B2B Products;Google Responsive","","1.0","0.7","0.2","0.2","0.0","0.0","0.1","3.1","10","0","L"
"1478334","data/chi-bad-ads-data-main/screenshots/1478334.webp","v2.3","ad-1478334","400_449","0","0.21","other_or_unclear","","insufficient_information","","high","False","3521","217","3738","2816","0","B2B Products;Image","","1.0","0.7","0.2","0.0","0.1","0.0","0.5","3.2","10","1","I"
"1478371","data/chi-bad-ads-data-main/screenshots/1478371.webp","v2.3","ad-1478371","400_449","0","0.26","other_or_unclear","recognition_of_advertising","insufficient_information","2.1","high","False","3512","224","3736","2816","0","Medical Services and Prescriptions;Native;Sponsored Search","health","0.2","1.3","0.1","0.0","0.0","0.0","0.0","4.3","10","1","D"
"1478444","data/chi-bad-ads-data-main/screenshots/1478444.webp","v2.3","ad-1478444","400_449","1","0.58","recognition_of_advertising","misleading_advertising","unclear_or_hidden_commercial_intent|insufficient_information","2.1|2.4|3.1","medium","True","3551","235","3786","2816","0","Image;Journalism","","1.0000000000000002","0.9090909090909092","0.3636363636363637","0.1818181818181818","0.3636363636363637","0.0","0.0","3.4545454545454546","11","3","N"
"1478616","data/chi-bad-ads-data-main/screenshots/1478616.webp","v2.3","ad-1478616","450_499","1","0.72","recognition_of_advertising","misleading_advertising","unclear_or_hidden_commercial_intent|cross_modal_mismatch|missing_material_information","2.1|2.3|2.4|3.1|3.3|3.5","medium","True","3666","265","3931","2816","0","Human Interest;Listicle;Native","","1.9","0.4","0.8","0.4","0.1","0.4","0.1","2.5","10","0","R"
"1478673","data/chi-bad-ads-data-main/screenshots/1478673.webp","v2.3","ad-1478673","450_499","1","0.66","recognition_of_advertising","misleading_advertising","cross_modal_mismatch|unclear_or_hidden_commercial_intent|objective_claim_requires_substantiation|insufficient_information","2.1|2.3|2.4|3.1|3.3|3.7|3.11","medium","True","3522","295","3817","2816","0","Human Interest;Listicle;Native","","1.6","1.1","0.7","0.4","0.0","0.3","0.0","3.3","10","0","K"
"1478691","data/chi-bad-ads-data-main/screenshots/1478691.webp","v2.3","ad-1478691","450_499","1","0.72","recognition_of_advertising","misleading_advertising","unclear_or_hidden_commercial_intent|cross_modal_mismatch|insufficient_information","2.1|2.3|2.4|3.1","medium","True","3666","263","3929","2816","0","Entertainment;Listicle;Native","","1.8181818181818183","0.4545454545454546","0.7272727272727273","0.2727272727272727","0.1818181818181818","0.1818181818181818","0.1818181818181818","3.0","11","1","R"
"1478707","data/chi-bad-ads-data-main/screenshots/1478707.webp","v2.3","ad-1478707","450_499","1","0.63","recognition_of_advertising","misleading_advertising","unclear_or_hidden_commercial_intent|objective_claim_requires_substantiation|insufficient_information","2.1|2.4|3.1|3.7","medium","True","3482","245","3727","2816","0","Advertorial;Genealogy;Native","","1.7","0.7","0.6","0.4","0.1","0.1","0.3","3.3","10","3","R"
"1478753","data/chi-bad-ads-data-main/screenshots/1478753.webp","v2.3","ad-1478753","450_499","1","0.68","health_medical_or_wellbeing_claim","misleading_advertising","health_cure_prevention_or_weight_loss_claim|objective_claim_requires_substantiation|insufficient_information","12|15.1|3.1|3.7","medium","True","3515","264","3779","2816","0","Health and Supplements;Image","health","0.2","1.2","0.1","0.0","0.0","0.0","0.1","4.2","10","3","D"
"1478790","data/chi-bad-ads-data-main/screenshots/1478790.webp","v2.3","ad-1478790","450_499","1","0.72","recognition_of_advertising","misleading_advertising|harm_or_offence","unclear_or_hidden_commercial_intent|cross_modal_mismatch|insufficient_information","2.1|2.3|2.4|3.1|3.3|4.2","medium","True","3493","266","3759","2816","0","Celebrity News;Listicle;Native","","1.5","0.0","0.7","0.1","0.1","0.0","0.3","2.4","10","1","U"
"1478837","data/chi-bad-ads-data-main/screenshots/1478837.webp","v2.3","ad-1478837","450_499","1","0.63","recognition_of_advertising","misleading_advertising","cross_modal_mismatch|unclear_or_hidden_commercial_intent|insufficient_information","2.1|2.3|2.4|3.1","medium","True","3443","243","3686","2816","0","Household Products;Sponsored Content","","0.6000000000000001","1.5","0.2","0.2","0.0","0.0","0.1","4.0","10","0","G"
"1478922","data/chi-bad-ads-data-main/screenshots/1478922.webp","v2.3","ad-1478922","450_499","0","0.12","other_or_unclear","","insufficient_information","","low","False","3515","191","3706","2816","0","Advertorial;Google Responsive;Health and Supplements;Pets","health","1.5","0.6","0.7","0.2","0.1","0.1","0.2","3.7","10","3","R"
"1478943","data/chi-bad-ads-data-main/screenshots/1478943.webp","v2.3","ad-1478943","450_499","0","0.12","other_or_unclear","","insufficient_information","","low","False","3539","204","3743","2816","0","Food and Drink;Image","","0.7000000000000001","0.8","0.2","0.0","0.0","0.1","0.4","3.8","10","1","I"
"1478986","data/chi-bad-ads-data-main/screenshots/1478986.webp","v2.3","ad-1478986","450_499","1","0.72","health_medical_or_wellbeing_claim","misleading_advertising","health_cure_prevention_or_weight_loss_claim|insufficient_information","12|15.1|3.1|3.3","medium","True","3558","241","3799","2816","0","Medical Services and Prescriptions;Sponsored Content","health","1.0","0.9","0.2","0.4","0.0","0.0","0.2","4.0","10","4","L"
"1479017","data/chi-bad-ads-data-main/screenshots/1479017.webp","v2.3","ad-1479017","450_499","1","0.82","misleading_advertising","recognition_of_advertising","cross_modal_mismatch|unclear_or_hidden_commercial_intent|objective_claim_requires_substantiation","2.1|2.3|3.1|3.3|3.7","medium","True","3455","254","3709","0","0","Celebrity News;Listicle;Native","","2.0","0.1","0.7","0.5","0.1","0.3","0.1","2.0","10","1","T"
"1479062","data/chi-bad-ads-data-main/screenshots/1479062.webp","v2.3","ad-1479062","450_499","1","0.41","misleading_advertising","recognition_of_advertising","objective_claim_requires_substantiation|cross_modal_mismatch","3.1|3.7|2.1","medium","True","3455","224","3679","2816","0","COVID Products;Native","","1.5","0.5","0.5","0.5","0.0","0.0","0.0","3.4","10","1","Q"
"1479071","data/chi-bad-ads-data-main/screenshots/1479071.webp","v2.3","ad-1479071","450_499","1","0.72","financial_or_business_opportunity","misleading_advertising","missing_material_information|objective_claim_requires_substantiation","3.1|3.3|3.7|14.1|20.8","medium","True","3512","272","3784","2816","0","B2B Products;Google Responsive","","1.4","1.0","0.3","0.3","0.1","0.0","0.2","3.4","10","1","L"
"1479136","data/chi-bad-ads-data-main/screenshots/1479136.webp","v2.3","ad-1479136","450_499","1","0.86","financial_or_business_opportunity","misleading_advertising","missing_material_information|misleading_price_or_offer|objective_claim_requires_substantiation","3.1|3.3|3.7|3.9|14.1","medium","True","3493","267","3760","2816","0","Advertorial;Insurance;Native","finance","2.2","0.4","0.6","0.6","0.3","0.0","0.3","2.4","10","2","Q"
"1479139","data/chi-bad-ads-data-main/screenshots/1479139.webp","v2.3","ad-1479139","450_499","0","0.18","other_or_unclear","","insufficient_information","","high","False","3627","199","3826","2816","0","Consumer Tech;Google Responsive","","0.6363636363636365","1.4545454545454546","0.1818181818181818","0.0909090909090909","0.0","0.0","0.0909090909090909","3.909090909090909","11","1","I"
"1479182","data/chi-bad-ads-data-main/screenshots/1479182.webp","v2.3","ad-1479182","450_499","0","0.18","other_or_unclear","","insufficient_information","","high","False","3675","203","3878","0","0","Consumer Tech;Image","","0.6000000000000001","1.5","0.1","0.1","0.1","0.0","0.1","4.2","10","0","D"
"1479187","data/chi-bad-ads-data-main/screenshots/1479187.webp","v2.3","ad-1479187","450_499","0","0.12","other_or_unclear","","insufficient_information","","high","False","3709","199","3908","2816","0","Cars;Image","","0.6363636363636364","1.2727272727272727","0.0909090909090909","0.0","0.0","0.0","0.4545454545454545","4.545454545454546","11","1","I"
"1479189","data/chi-bad-ads-data-main/screenshots/1479189.webp","v2.3","ad-1479189","450_499","0","0.15","recognition_of_advertising","","insufficient_information","","high","False","3525","222","3747","2816","0","Advertorial;Google Responsive;Household Products","","1.3","0.7","0.5","0.3","0.2","0.0","0.2","3.6","10","2","Q"
"1479228","data/chi-bad-ads-data-main/screenshots/1479228.webp","v2.3","ad-1479228","450_499","0","0.12","other_or_unclear","recognition_of_advertising","insufficient_information","","high","False","3521","207","3728","2816","0","B2B Products;Google Responsive","","1.2727272727272727","0.5454545454545455","0.2727272727272727","0.1818181818181818","0.0","0.0","0.3636363636363637","3.636363636363636","11","2","P"
"1479291","data/chi-bad-ads-data-main/screenshots/1479291.webp","v2.3","ad-1479291","450_499","0","0.08","other_or_unclear","","insufficient_information","","high","False","3819","185","4004","2816","0","Apparel;Image","","0.4","1.8","0.1","0.0","0.0","0.0","0.3","4.3","10","1","D"
"1479419","data/chi-bad-ads-data-main/screenshots/1479419.webp","v2.3","ad-1479419","450_499","0","0.14","other_or_unclear","","insufficient_information","","low","False","3503","194","3697","0","0","B2B Products;Google Responsive","","0.5","1.3","0.1","0.1","0.0","0.0","0.2","4.6","10","2","D"
"1479467","data/chi-bad-ads-data-main/screenshots/1479467.webp","v2.3","ad-1479467","450_499","0","0.14","other_or_unclear","","insufficient_information","","high","False","3665","188","3853","2816","0","B2B Products;Image;Medical Services and Prescriptions","health","1.1","0.3","0.3","0.2","0.1","0.0","0.3","3.4","10","0","Q"
"1479491","data/chi-bad-ads-data-main/screenshots/1479491.webp","v2.3","ad-1479491","450_499","1","0.82","recognition_of_advertising","misleading_advertising|harm_or_offence","unclear_or_hidden_commercial_intent|cross_modal_mismatch|fear_distress_or_shock_tactic|insufficient_information","2.1|2.3|2.4|3.1|4.2","medium","True","3819","307","4126","2816","0","Humanitarian;Image","","1.1","2.1","0.1","0.1","0.2","0.1","0.4","5.1","10","2","B"
"1479540","data/chi-bad-ads-data-main/screenshots/1479540.webp","v2.3","ad-1479540","450_499","0","0.12","other_or_unclear","recognition_of_advertising","insufficient_information","","high","False","3493","220","3713","2816","0","Food and Drink;Image;Self-Link","","0.3636363636363637","1.3636363636363638","0.0","0.0909090909090909","0.0","0.0909090909090909","0.0","4.727272727272728","11","1","G"
"1479701","data/chi-bad-ads-data-main/screenshots/1479701.webp","v2.3","ad-1479701","450_499","0","0.12","other_or_unclear","recognition_of_advertising","insufficient_information","","high","False","3527","206","3733","2816","0","Image;Travel","","0.3","1.7","0.3","0.0","0.0","0.0","0.0","4.5","10","2","D"
"1479808","data/chi-bad-ads-data-main/screenshots/1479808.webp","v2.3","ad-1479808","450_499","1","0.62","recognition_of_advertising","misleading_advertising","unclear_or_hidden_commercial_intent|cross_modal_mismatch|missing_material_information","2.1|2.3|2.4|3.1|3.3","medium","True","3512","259","3771","2816","0","Advertorial;COVID Products;Native","","1.2","1.3","0.5","0.2","0.2","0.0","0.1","3.5","10","2","G"
"1479903","data/chi-bad-ads-data-main/screenshots/1479903.webp","v2.3","ad-1479903","450_499","0","0.08","other_or_unclear","recognition_of_advertising","insufficient_information","","high","False","3489","208","3697","2816","0","Real Estate;Self-Link;Sponsored Content","","0.8","1.0","0.1","0.0","0.3","0.0","0.3","4.0","10","0","I"
"1479939","data/chi-bad-ads-data-main/screenshots/1479939.webp","v2.3","ad-1479939","450_499","0","0.12","other_or_unclear","recognition_of_advertising","insufficient_information","","high","False","3563","210","3773","2816","0","B2B Products;Google Responsive","","0.6000000000000001","1.7","0.1","0.0","0.0","0.0","0.4","3.9","10","2","I"
"1479951","data/chi-bad-ads-data-main/screenshots/1479951.webp","v2.3","ad-1479951","450_499","1","0.43","recognition_of_advertising","misleading_advertising","unclear_or_hidden_commercial_intent|missing_material_information","2.1|2.4|3.1|3.3|3.5","medium","True","3512","226","3738","2816","0","Genealogy;Native","","1.181818181818182","0.6363636363636364","0.3636363636363637","0.1818181818181818","0.0","0.0909090909090909","0.0","3.5454545454545454","11","1","K"
"1480046","data/chi-bad-ads-data-main/screenshots/1480046.webp","v2.3","ad-1480046","450_499","0","0.12","other_or_unclear","","insufficient_information","","high","False","3525","207","3732","2816","0","Food and Drink;Google Responsive","","0.2727272727272727","1.7272727272727273","0.0909090909090909","0.0","0.0909090909090909","0.0","0.0909090909090909","4.818181818181818","11","3","D"
"1480081","data/chi-bad-ads-data-main/screenshots/1480081.webp","v2.3","ad-1480081","450_499","1","0.66","financial_or_business_opportunity","misleading_advertising","earnings_or_business_opportunity_claim|objective_claim_requires_substantiation","14.1|20.7|20.8|3.1|3.7","medium","True","3525","245","3770","2816","0","B2B Products;Food and Drink;Image","","1.1","2.1","0.4","0.2","0.1","0.0","0.4","4.4","10","1","G"
"1480353","data/chi-bad-ads-data-main/screenshots/1480353.webp","v2.3","ad-1480353","450_499","1","0.63","recognition_of_advertising","misleading_advertising","unclear_or_hidden_commercial_intent|missing_material_information","2.1|2.4|3.1|3.3|3.5","medium","True","3479","262","3741","2816","0","Entertainment;Google Responsive","","0.7272727272727273","0.9090909090909092","0.0909090909090909","0.0909090909090909","0.1818181818181818","0.0","0.0909090909090909","3.636363636363636","11","1","G"
"1480404","data/chi-bad-ads-data-main/screenshots/1480404.webp","v2.3","ad-1480404","450_499","0","0.18","recognition_of_advertising","","insufficient_information","2.1","high","False","3479","210","3689","2816","0","Entertainment;Google Responsive","","0.5","2.0","0.0","0.1","0.0","0.0","0.1","4.5","10","1","D"
"1480433","data/chi-bad-ads-data-main/screenshots/1480433.webp","v2.3","ad-1480433","450_499","1","0.76","health_medical_or_wellbeing_claim","misleading_advertising|recognition_of_advertising","health_cure_prevention_or_weight_loss_claim|missing_material_information|unclear_or_hidden_commercial_intent","12|15.1|15.6|3.1|3.3|3.9|2.1|2.4","medium","True","3525","287","3812","2816","0","Advertorial;Google Responsive;Health and Supplements","health","1.4","0.3","0.3","0.2","0.3","0.4","0.1","3.1","10","1","R"
"1480464","data/chi-bad-ads-data-main/screenshots/1480464.webp","v2.3","ad-1480464","450_499","1","0.58","recognition_of_advertising","misleading_advertising","unclear_or_hidden_commercial_intent|cross_modal_mismatch|insufficient_information","2.1|2.4|3.1|3.3","medium","True","3474","243","3717","2816","0","Legal Services;Native;Sponsored Search","","1.4","0.5","0.4","0.2","0.2","0.0","0.2","3.3","10","1","Q"
"1480493","data/chi-bad-ads-data-main/screenshots/1480493.webp","v2.3","ad-1480493","450_499","0","0.18","other_or_unclear","recognition_of_advertising","insufficient_information","","high","False","3503","219","3722","2816","0","Image;Journalism;Self-Link","","1.4","1.6","0.0","0.3","0.3","0.3","0.0","3.6","10","5","M"
"1480523","data/chi-bad-ads-data-main/screenshots/1480523.webp","v2.3","ad-1480523","450_499","0","0.18","other_or_unclear","","insufficient_information","","high","False","3521","202","3723","2816","0","B2B Products;Image","","1.272727272727273","1.181818181818182","0.1818181818181818","0.0909090909090909","0.0909090909090909","0.0","0.5454545454545454","3.5454545454545454","11","0","I"
"1480527","data/chi-bad-ads-data-main/screenshots/1480527.webp","v2.3","ad-1480527","450_499","0","0.15","other_or_unclear","","insufficient_information","","high","False","3575","217","3792","2816","0","B2B Products;Google Responsive","","0.5","1.0","0.0","0.0","0.0","0.0","0.1","4.0","10","1","I"
"1480552","data/chi-bad-ads-data-main/screenshots/1480552.webp","v2.3","ad-1480552","450_499","0","0.2","recognition_of_advertising","","insufficient_information","","high","False","3680","207","3887","2816","0","Image;Journalism;Self-Link","","0.4","1.0","0.0","0.0","0.1","0.1","0.0","4.3","10","2","I"
"1480596","data/chi-bad-ads-data-main/screenshots/1480596.webp","v2.3","ad-1480596","450_499","1","0.43","recognition_of_advertising","misleading_advertising","unclear_or_hidden_commercial_intent|insufficient_information","2.1|2.4|3.1","medium","True","3565","254","3819","2816","0","Celebrity News;Listicle;Native;Self-Link","","1.181818181818182","0.5454545454545455","0.7272727272727273","0.0909090909090909","0.0909090909090909","0.1818181818181818","0.0","3.363636363636364","11","2","R"
"1480640","data/chi-bad-ads-data-main/screenshots/1480640.webp","v2.3","ad-1480640","450_499","0","0.12","other_or_unclear","","insufficient_information","","high","False","3563","198","3761","2816","0","Image;Travel","","0.4","2.0","0.0","0.1","0.1","0.0","0.2","5.0","10","0","D"
"1480643","data/chi-bad-ads-data-main/screenshots/1480643.webp","v2.3","ad-1480643","450_499","0","0.12","other_or_unclear","","insufficient_information","","high","False","3623","182","3805","2816","0","Image;Travel","","0.1","2.5","0.0","0.0","0.0","0.0","0.1","5.3","10","1","A"
"1480728","data/chi-bad-ads-data-main/screenshots/1480728.webp","v2.3","ad-1480728","450_499","0","0.18","other_or_unclear","","insufficient_information","","high","False","3555","211","3766","0","0","B2B Products;Google Responsive;Sponsored Search","","1.3636363636363638","0.7272727272727274","0.2727272727272727","0.3636363636363637","0.0909090909090909","0.0","0.2727272727272727","3.090909090909091","11","4","L"
"1480730","data/chi-bad-ads-data-main/screenshots/1480730.webp","v2.3","ad-1480730","450_499","0","0.19","other_or_unclear","recognition_of_advertising","insufficient_information","","high","False","3647","227","3874","2816","0","Image;Political Campaign","","0.7272727272727273","1.727272727272727","0.0","0.1818181818181818","0.0909090909090909","0.0","0.1818181818181818","4.545454545454546","11","2","G"
"1480748","data/chi-bad-ads-data-main/screenshots/1480748.webp","v2.3","ad-1480748","450_499","0","0.12","other_or_unclear","recognition_of_advertising","insufficient_information","2.1","medium","False","3515","225","3740","2816","0","Apparel;Image","","0.9","0.6000000000000001","0.2","0.0","0.1","0.1","0.0","2.8","10","1","M"
"1480749","data/chi-bad-ads-data-main/screenshots/1480749.webp","v2.3","ad-1480749","450_499","0","0.12","other_or_unclear","","insufficient_information","","high","False","3503","198","3701","2816","0","Apparel;Image","","1.0","2.8","0.4","0.1","0.2","0.0","0.2","4.9","10","1","G"
"1480771","data/chi-bad-ads-data-main/screenshots/1480771.webp","v2.3","ad-1480771","450_499","1","0.64","financial_or_business_opportunity","misleading_advertising","earnings_or_business_opportunity_claim|missing_material_information","20.1|20.8|3.3|3.1","medium","True","3517","257","3774","2816","0","Employment;Image","employment","0.5","1.1","0.1","0.0","0.0","0.0","0.1","4.1","10","1","I"
"1480867","data/chi-bad-ads-data-main/screenshots/1480867.webp","v2.3","ad-1480867","450_499","0","0.08","other_or_unclear","","insufficient_information","","high","False","3489","197","3686","2816","0","B2B Products;Google Responsive","","1.0909090909090908","0.5454545454545455","0.0","0.0","0.0909090909090909","0.0","0.5454545454545454","3.272727272727273","11","0","I"
"1480905","data/chi-bad-ads-data-main/screenshots/1480905.webp","v2.3","ad-1480905","450_499","0","0.18","other_or_unclear","recognition_of_advertising","insufficient_information","2.1","high","False","3503","205","3708","2816","0","Image;Travel","","0.1","2.1","0.0","0.0","0.0","0.0","0.1","4.5","10","2","A"
"1480906","data/chi-bad-ads-data-main/screenshots/1480906.webp","v2.3","ad-1480906","450_499","0","0.12","recognition_of_advertising","","insufficient_information","2.1","high","False","3489","207","3696","2816","0","Entertainment;Google Responsive","","2.4","0.3","0.5","0.6","0.2","0.0","0.6","3.0","10","4","Q"
